<?xml version="1.0" encoding="UTF-8"?>
<kml xmlns="http://www.opengis.net/kml/2.2">
  <Document>
    <name>IEADMS CAMPO GRANDE</name>
    <description>Divisão dos setores da IEADMS Campo Grande.</description>
    <Style id="icon-159-labelson">
      <IconStyle>
        <scale>1.1</scale>
        <Icon>
          <href>https://www.gstatic.com/mapspro/images/stock/159-blue-pushpin.png</href>
        </Icon>
        <hotSpot x="10" xunits="pixels" y="31" yunits="insetPixels"/>
      </IconStyle>
    </Style>
    <Style id="icon-161-labelson">
      <IconStyle>
        <scale>1.1</scale>
        <Icon>
          <href>https://www.gstatic.com/mapspro/images/stock/161-grn-pushpin.png</href>
        </Icon>
        <hotSpot x="10" xunits="pixels" y="31" yunits="insetPixels"/>
      </IconStyle>
    </Style>
    <Style id="icon-164-labelson">
      <IconStyle>
        <scale>1.1</scale>
        <Icon>
          <href>https://www.gstatic.com/mapspro/images/stock/164-ltblu-pushpin.png</href>
        </Icon>
        <hotSpot x="10" xunits="pixels" y="31" yunits="insetPixels"/>
      </IconStyle>
    </Style>
    <Style id="icon-166-labelson">
      <IconStyle>
        <scale>1.1</scale>
        <Icon>
          <href>https://www.gstatic.com/mapspro/images/stock/166-purple-pushpin.png</href>
        </Icon>
        <hotSpot x="10" xunits="pixels" y="31" yunits="insetPixels"/>
      </IconStyle>
    </Style>
    <Style id="icon-167-labelson">
      <IconStyle>
        <scale>1.1</scale>
        <Icon>
          <href>https://www.gstatic.com/mapspro/images/stock/167-red-pushpin.png</href>
        </Icon>
        <hotSpot x="10" xunits="pixels" y="31" yunits="insetPixels"/>
      </IconStyle>
    </Style>
    <Style id="icon-167-labelson-nodesc">
      <IconStyle>
        <scale>1.1</scale>
        <Icon>
          <href>https://www.gstatic.com/mapspro/images/stock/167-red-pushpin.png</href>
        </Icon>
        <hotSpot x="10" xunits="pixels" y="31" yunits="insetPixels"/>
      </IconStyle>
      <BalloonStyle>
        <text><![CDATA[<h3>$[name]</h3>]]></text>
      </BalloonStyle>
    </Style>
    <Style id="icon-168-labelson">
      <IconStyle>
        <scale>1.1</scale>
        <Icon>
          <href>https://www.gstatic.com/mapspro/images/stock/168-ylw-pushpin.png</href>
        </Icon>
        <hotSpot x="10" xunits="pixels" y="31" yunits="insetPixels"/>
      </IconStyle>
    </Style>
    <Style id="icon-168-labelson-nodesc">
      <IconStyle>
        <scale>1.1</scale>
        <Icon>
          <href>https://www.gstatic.com/mapspro/images/stock/168-ylw-pushpin.png</href>
        </Icon>
        <hotSpot x="10" xunits="pixels" y="31" yunits="insetPixels"/>
      </IconStyle>
      <BalloonStyle>
        <text><![CDATA[<h3>$[name]</h3>]]></text>
      </BalloonStyle>
    </Style>
    <Style id="poly-0000FF-3000-115-nodesc-normal">
      <LineStyle>
        <color>ffff0000</color>
        <width>3</width>
      </LineStyle>
      <PolyStyle>
        <color>73ff0000</color>
        <fill>1</fill>
        <outline>1</outline>
      </PolyStyle>
      <BalloonStyle>
        <text><![CDATA[<h3>$[name]</h3>]]></text>
      </BalloonStyle>
    </Style>
    <Style id="poly-0000FF-3000-115-nodesc-highlight">
      <LineStyle>
        <color>ffff0000</color>
        <width>4.5</width>
      </LineStyle>
      <PolyStyle>
        <color>73ff0000</color>
        <fill>1</fill>
        <outline>1</outline>
      </PolyStyle>
      <BalloonStyle>
        <text><![CDATA[<h3>$[name]</h3>]]></text>
      </BalloonStyle>
    </Style>
    <StyleMap id="poly-0000FF-3000-115-nodesc">
      <Pair>
        <key>normal</key>
        <styleUrl>#poly-0000FF-3000-115-nodesc-normal</styleUrl>
      </Pair>
      <Pair>
        <key>highlight</key>
        <styleUrl>#poly-0000FF-3000-115-nodesc-highlight</styleUrl>
      </Pair>
    </StyleMap>
    <Style id="poly-003300-3000-115-nodesc-normal">
      <LineStyle>
        <color>ff003300</color>
        <width>3</width>
      </LineStyle>
      <PolyStyle>
        <color>73003300</color>
        <fill>1</fill>
        <outline>1</outline>
      </PolyStyle>
      <BalloonStyle>
        <text><![CDATA[<h3>$[name]</h3>]]></text>
      </BalloonStyle>
    </Style>
    <Style id="poly-003300-3000-115-nodesc-highlight">
      <LineStyle>
        <color>ff003300</color>
        <width>4.5</width>
      </LineStyle>
      <PolyStyle>
        <color>73003300</color>
        <fill>1</fill>
        <outline>1</outline>
      </PolyStyle>
      <BalloonStyle>
        <text><![CDATA[<h3>$[name]</h3>]]></text>
      </BalloonStyle>
    </Style>
    <StyleMap id="poly-003300-3000-115-nodesc">
      <Pair>
        <key>normal</key>
        <styleUrl>#poly-003300-3000-115-nodesc-normal</styleUrl>
      </Pair>
      <Pair>
        <key>highlight</key>
        <styleUrl>#poly-003300-3000-115-nodesc-highlight</styleUrl>
      </Pair>
    </StyleMap>
    <Style id="poly-009D57-3000-115-nodesc-normal">
      <LineStyle>
        <color>ff579d00</color>
        <width>3</width>
      </LineStyle>
      <PolyStyle>
        <color>73579d00</color>
        <fill>1</fill>
        <outline>1</outline>
      </PolyStyle>
      <BalloonStyle>
        <text><![CDATA[<h3>$[name]</h3>]]></text>
      </BalloonStyle>
    </Style>
    <Style id="poly-009D57-3000-115-nodesc-highlight">
      <LineStyle>
        <color>ff579d00</color>
        <width>4.5</width>
      </LineStyle>
      <PolyStyle>
        <color>73579d00</color>
        <fill>1</fill>
        <outline>1</outline>
      </PolyStyle>
      <BalloonStyle>
        <text><![CDATA[<h3>$[name]</h3>]]></text>
      </BalloonStyle>
    </Style>
    <StyleMap id="poly-009D57-3000-115-nodesc">
      <Pair>
        <key>normal</key>
        <styleUrl>#poly-009D57-3000-115-nodesc-normal</styleUrl>
      </Pair>
      <Pair>
        <key>highlight</key>
        <styleUrl>#poly-009D57-3000-115-nodesc-highlight</styleUrl>
      </Pair>
    </StyleMap>
    <Style id="poly-0BA9CC-3000-115-nodesc-normal">
      <LineStyle>
        <color>ffcca90b</color>
        <width>3</width>
      </LineStyle>
      <PolyStyle>
        <color>73cca90b</color>
        <fill>1</fill>
        <outline>1</outline>
      </PolyStyle>
      <BalloonStyle>
        <text><![CDATA[<h3>$[name]</h3>]]></text>
      </BalloonStyle>
    </Style>
    <Style id="poly-0BA9CC-3000-115-nodesc-highlight">
      <LineStyle>
        <color>ffcca90b</color>
        <width>4.5</width>
      </LineStyle>
      <PolyStyle>
        <color>73cca90b</color>
        <fill>1</fill>
        <outline>1</outline>
      </PolyStyle>
      <BalloonStyle>
        <text><![CDATA[<h3>$[name]</h3>]]></text>
      </BalloonStyle>
    </Style>
    <StyleMap id="poly-0BA9CC-3000-115-nodesc">
      <Pair>
        <key>normal</key>
        <styleUrl>#poly-0BA9CC-3000-115-nodesc-normal</styleUrl>
      </Pair>
      <Pair>
        <key>highlight</key>
        <styleUrl>#poly-0BA9CC-3000-115-nodesc-highlight</styleUrl>
      </Pair>
    </StyleMap>
    <Style id="poly-333399-3000-115-nodesc-normal">
      <LineStyle>
        <color>ff993333</color>
        <width>3</width>
      </LineStyle>
      <PolyStyle>
        <color>73993333</color>
        <fill>1</fill>
        <outline>1</outline>
      </PolyStyle>
      <BalloonStyle>
        <text><![CDATA[<h3>$[name]</h3>]]></text>
      </BalloonStyle>
    </Style>
    <Style id="poly-333399-3000-115-nodesc-highlight">
      <LineStyle>
        <color>ff993333</color>
        <width>4.5</width>
      </LineStyle>
      <PolyStyle>
        <color>73993333</color>
        <fill>1</fill>
        <outline>1</outline>
      </PolyStyle>
      <BalloonStyle>
        <text><![CDATA[<h3>$[name]</h3>]]></text>
      </BalloonStyle>
    </Style>
    <StyleMap id="poly-333399-3000-115-nodesc">
      <Pair>
        <key>normal</key>
        <styleUrl>#poly-333399-3000-115-nodesc-normal</styleUrl>
      </Pair>
      <Pair>
        <key>highlight</key>
        <styleUrl>#poly-333399-3000-115-nodesc-highlight</styleUrl>
      </Pair>
    </StyleMap>
    <Style id="poly-33CC00-3000-115-nodesc-normal">
      <LineStyle>
        <color>ff00cc33</color>
        <width>3</width>
      </LineStyle>
      <PolyStyle>
        <color>7300cc33</color>
        <fill>1</fill>
        <outline>1</outline>
      </PolyStyle>
      <BalloonStyle>
        <text><![CDATA[<h3>$[name]</h3>]]></text>
      </BalloonStyle>
    </Style>
    <Style id="poly-33CC00-3000-115-nodesc-highlight">
      <LineStyle>
        <color>ff00cc33</color>
        <width>4.5</width>
      </LineStyle>
      <PolyStyle>
        <color>7300cc33</color>
        <fill>1</fill>
        <outline>1</outline>
      </PolyStyle>
      <BalloonStyle>
        <text><![CDATA[<h3>$[name]</h3>]]></text>
      </BalloonStyle>
    </Style>
    <StyleMap id="poly-33CC00-3000-115-nodesc">
      <Pair>
        <key>normal</key>
        <styleUrl>#poly-33CC00-3000-115-nodesc-normal</styleUrl>
      </Pair>
      <Pair>
        <key>highlight</key>
        <styleUrl>#poly-33CC00-3000-115-nodesc-highlight</styleUrl>
      </Pair>
    </StyleMap>
    <Style id="poly-62AF44-3000-140-nodesc-normal">
      <LineStyle>
        <color>ff44af62</color>
        <width>3</width>
      </LineStyle>
      <PolyStyle>
        <color>8c44af62</color>
        <fill>1</fill>
        <outline>1</outline>
      </PolyStyle>
      <BalloonStyle>
        <text><![CDATA[<h3>$[name]</h3>]]></text>
      </BalloonStyle>
    </Style>
    <Style id="poly-62AF44-3000-140-nodesc-highlight">
      <LineStyle>
        <color>ff44af62</color>
        <width>4.5</width>
      </LineStyle>
      <PolyStyle>
        <color>8c44af62</color>
        <fill>1</fill>
        <outline>1</outline>
      </PolyStyle>
      <BalloonStyle>
        <text><![CDATA[<h3>$[name]</h3>]]></text>
      </BalloonStyle>
    </Style>
    <StyleMap id="poly-62AF44-3000-140-nodesc">
      <Pair>
        <key>normal</key>
        <styleUrl>#poly-62AF44-3000-140-nodesc-normal</styleUrl>
      </Pair>
      <Pair>
        <key>highlight</key>
        <styleUrl>#poly-62AF44-3000-140-nodesc-highlight</styleUrl>
      </Pair>
    </StyleMap>
    <Style id="poly-663300-3000-115-nodesc-normal">
      <LineStyle>
        <color>ff003366</color>
        <width>3</width>
      </LineStyle>
      <PolyStyle>
        <color>73003366</color>
        <fill>1</fill>
        <outline>1</outline>
      </PolyStyle>
      <BalloonStyle>
        <text><![CDATA[<h3>$[name]</h3>]]></text>
      </BalloonStyle>
    </Style>
    <Style id="poly-663300-3000-115-nodesc-highlight">
      <LineStyle>
        <color>ff003366</color>
        <width>4.5</width>
      </LineStyle>
      <PolyStyle>
        <color>73003366</color>
        <fill>1</fill>
        <outline>1</outline>
      </PolyStyle>
      <BalloonStyle>
        <text><![CDATA[<h3>$[name]</h3>]]></text>
      </BalloonStyle>
    </Style>
    <StyleMap id="poly-663300-3000-115-nodesc">
      <Pair>
        <key>normal</key>
        <styleUrl>#poly-663300-3000-115-nodesc-normal</styleUrl>
      </Pair>
      <Pair>
        <key>highlight</key>
        <styleUrl>#poly-663300-3000-115-nodesc-highlight</styleUrl>
      </Pair>
    </StyleMap>
    <Style id="poly-993300-3000-115-nodesc-normal">
      <LineStyle>
        <color>ff003399</color>
        <width>3</width>
      </LineStyle>
      <PolyStyle>
        <color>73003399</color>
        <fill>1</fill>
        <outline>1</outline>
      </PolyStyle>
      <BalloonStyle>
        <text><![CDATA[<h3>$[name]</h3>]]></text>
      </BalloonStyle>
    </Style>
    <Style id="poly-993300-3000-115-nodesc-highlight">
      <LineStyle>
        <color>ff003399</color>
        <width>4.5</width>
      </LineStyle>
      <PolyStyle>
        <color>73003399</color>
        <fill>1</fill>
        <outline>1</outline>
      </PolyStyle>
      <BalloonStyle>
        <text><![CDATA[<h3>$[name]</h3>]]></text>
      </BalloonStyle>
    </Style>
    <StyleMap id="poly-993300-3000-115-nodesc">
      <Pair>
        <key>normal</key>
        <styleUrl>#poly-993300-3000-115-nodesc-normal</styleUrl>
      </Pair>
      <Pair>
        <key>highlight</key>
        <styleUrl>#poly-993300-3000-115-nodesc-highlight</styleUrl>
      </Pair>
    </StyleMap>
    <Style id="poly-999900-3000-115-nodesc-normal">
      <LineStyle>
        <color>ff009999</color>
        <width>3</width>
      </LineStyle>
      <PolyStyle>
        <color>73009999</color>
        <fill>1</fill>
        <outline>1</outline>
      </PolyStyle>
      <BalloonStyle>
        <text><![CDATA[<h3>$[name]</h3>]]></text>
      </BalloonStyle>
    </Style>
    <Style id="poly-999900-3000-115-nodesc-highlight">
      <LineStyle>
        <color>ff009999</color>
        <width>4.5</width>
      </LineStyle>
      <PolyStyle>
        <color>73009999</color>
        <fill>1</fill>
        <outline>1</outline>
      </PolyStyle>
      <BalloonStyle>
        <text><![CDATA[<h3>$[name]</h3>]]></text>
      </BalloonStyle>
    </Style>
    <StyleMap id="poly-999900-3000-115-nodesc">
      <Pair>
        <key>normal</key>
        <styleUrl>#poly-999900-3000-115-nodesc-normal</styleUrl>
      </Pair>
      <Pair>
        <key>highlight</key>
        <styleUrl>#poly-999900-3000-115-nodesc-highlight</styleUrl>
      </Pair>
    </StyleMap>
    <Style id="poly-CC6600-3000-115-nodesc-normal">
      <LineStyle>
        <color>ff0066cc</color>
        <width>3</width>
      </LineStyle>
      <PolyStyle>
        <color>730066cc</color>
        <fill>1</fill>
        <outline>1</outline>
      </PolyStyle>
      <BalloonStyle>
        <text><![CDATA[<h3>$[name]</h3>]]></text>
      </BalloonStyle>
    </Style>
    <Style id="poly-CC6600-3000-115-nodesc-highlight">
      <LineStyle>
        <color>ff0066cc</color>
        <width>4.5</width>
      </LineStyle>
      <PolyStyle>
        <color>730066cc</color>
        <fill>1</fill>
        <outline>1</outline>
      </PolyStyle>
      <BalloonStyle>
        <text><![CDATA[<h3>$[name]</h3>]]></text>
      </BalloonStyle>
    </Style>
    <StyleMap id="poly-CC6600-3000-115-nodesc">
      <Pair>
        <key>normal</key>
        <styleUrl>#poly-CC6600-3000-115-nodesc-normal</styleUrl>
      </Pair>
      <Pair>
        <key>highlight</key>
        <styleUrl>#poly-CC6600-3000-115-nodesc-highlight</styleUrl>
      </Pair>
    </StyleMap>
    <Style id="poly-F4EB37-3000-115-nodesc-normal">
      <LineStyle>
        <color>ff37ebf4</color>
        <width>3</width>
      </LineStyle>
      <PolyStyle>
        <color>7337ebf4</color>
        <fill>1</fill>
        <outline>1</outline>
      </PolyStyle>
      <BalloonStyle>
        <text><![CDATA[<h3>$[name]</h3>]]></text>
      </BalloonStyle>
    </Style>
    <Style id="poly-F4EB37-3000-115-nodesc-highlight">
      <LineStyle>
        <color>ff37ebf4</color>
        <width>4.5</width>
      </LineStyle>
      <PolyStyle>
        <color>7337ebf4</color>
        <fill>1</fill>
        <outline>1</outline>
      </PolyStyle>
      <BalloonStyle>
        <text><![CDATA[<h3>$[name]</h3>]]></text>
      </BalloonStyle>
    </Style>
    <StyleMap id="poly-F4EB37-3000-115-nodesc">
      <Pair>
        <key>normal</key>
        <styleUrl>#poly-F4EB37-3000-115-nodesc-normal</styleUrl>
      </Pair>
      <Pair>
        <key>highlight</key>
        <styleUrl>#poly-F4EB37-3000-115-nodesc-highlight</styleUrl>
      </Pair>
    </StyleMap>
    <Style id="poly-FFDD5E-3000-148-nodesc-normal">
      <LineStyle>
        <color>ff5eddff</color>
        <width>3</width>
      </LineStyle>
      <PolyStyle>
        <color>945eddff</color>
        <fill>1</fill>
        <outline>1</outline>
      </PolyStyle>
      <BalloonStyle>
        <text><![CDATA[<h3>$[name]</h3>]]></text>
      </BalloonStyle>
    </Style>
    <Style id="poly-FFDD5E-3000-148-nodesc-highlight">
      <LineStyle>
        <color>ff5eddff</color>
        <width>4.5</width>
      </LineStyle>
      <PolyStyle>
        <color>945eddff</color>
        <fill>1</fill>
        <outline>1</outline>
      </PolyStyle>
      <BalloonStyle>
        <text><![CDATA[<h3>$[name]</h3>]]></text>
      </BalloonStyle>
    </Style>
    <StyleMap id="poly-FFDD5E-3000-148-nodesc">
      <Pair>
        <key>normal</key>
        <styleUrl>#poly-FFDD5E-3000-148-nodesc-normal</styleUrl>
      </Pair>
      <Pair>
        <key>highlight</key>
        <styleUrl>#poly-FFDD5E-3000-148-nodesc-highlight</styleUrl>
      </Pair>
    </StyleMap>
    <Style id="poly-FFFF00-3000-115-nodesc-normal">
      <LineStyle>
        <color>ff00ffff</color>
        <width>3</width>
      </LineStyle>
      <PolyStyle>
        <color>7300ffff</color>
        <fill>1</fill>
        <outline>1</outline>
      </PolyStyle>
      <BalloonStyle>
        <text><![CDATA[<h3>$[name]</h3>]]></text>
      </BalloonStyle>
    </Style>
    <Style id="poly-FFFF00-3000-115-nodesc-highlight">
      <LineStyle>
        <color>ff00ffff</color>
        <width>4.5</width>
      </LineStyle>
      <PolyStyle>
        <color>7300ffff</color>
        <fill>1</fill>
        <outline>1</outline>
      </PolyStyle>
      <BalloonStyle>
        <text><![CDATA[<h3>$[name]</h3>]]></text>
      </BalloonStyle>
    </Style>
    <StyleMap id="poly-FFFF00-3000-115-nodesc">
      <Pair>
        <key>normal</key>
        <styleUrl>#poly-FFFF00-3000-115-nodesc-normal</styleUrl>
      </Pair>
      <Pair>
        <key>highlight</key>
        <styleUrl>#poly-FFFF00-3000-115-nodesc-highlight</styleUrl>
      </Pair>
    </StyleMap>
    <Folder>
      <name>Untitled layer</name>
      <Placemark>
        <name>Taquaral Bosque</name>
        <styleUrl>#icon-167-labelson-nodesc</styleUrl>
        <Point>
          <coordinates>
            -54.5500231,-20.4264846,0
          </coordinates>
        </Point>
      </Placemark>
      <Placemark>
        <name>SETOR A</name>
        <styleUrl>#poly-0000FF-3000-115-nodesc</styleUrl>
        <Polygon>
          <outerBoundaryIs>
            <LinearRing>
              <tessellate>1</tessellate>
              <coordinates>
                -54.6050997,-20.5032897,0
                -54.605238,-20.5037257,0
                -54.6025438,-20.5140902,0
                -54.5994082,-20.5248103,0
                -54.610545,-20.5287902,0
                -54.6088351,-20.5340102,0
                -54.6070251,-20.5340102,0
                -54.6058251,-20.5350602,0
                -54.5972451,-20.5324102,0
                -54.5902051,-20.5595702,0
                -54.5885751,-20.5651202,0
                -54.6023051,-20.5659202,0
                -54.6047151,-20.5760502,0
                -54.6073751,-20.5893002,0
                -54.6034679,-20.5913157,0
                -54.5998628,-20.585249,0
                -54.5937443,-20.5752418,0
                -54.5926808,-20.5791575,0
                -54.5920286,-20.5806587,0
                -54.5915309,-20.5813892,0
                -54.5908615,-20.5821197,0
                -54.5900633,-20.5827297,0
                -54.5890935,-20.5832191,0
                -54.5881237,-20.5835579,0
                -54.5863814,-20.5837761,0
                -54.5829992,-20.5834832,0
                -54.579093,-20.5810321,0
                -54.576428,-20.5793596,0
                -54.57192,-20.576268,0
                -54.5675753,-20.5734244,0
                -54.564604,-20.5713241,0
                -54.5635108,-20.5702172,0
                -54.5580208,-20.5619672,0
                -54.5570174,-20.5603418,0
                -54.5562715,-20.5587164,0
                -54.5559762,-20.5579349,0
                -54.5558955,-20.5571533,0
                -54.5557871,-20.5556946,0
                -54.5559996,-20.5539828,0
                -54.5594721,-20.5459646,0
                -54.5642099,-20.5343097,0
                -54.5651364,-20.53217,0
                -54.5662237,-20.5299601,0
                -54.5669948,-20.5285187,0
                -54.5677122,-20.5271176,0
                -54.5684457,-20.5257014,0
                -54.5687803,-20.5249732,0
                -54.5689968,-20.5242651,0
                -54.5690917,-20.5231932,0
                -54.5690042,-20.5221817,0
                -54.5688614,-20.5215602,0
                -54.5685471,-20.5207994,0
                -54.5681362,-20.5201089,0
                -54.5678188,-20.5196925,0
                -54.5674093,-20.5192414,0
                -54.565993,-20.5177412,0
                -54.5645714,-20.5161605,0
                -54.5623357,-20.5137652,0
                -54.5618808,-20.5132776,0
                -54.5613078,-20.512755,0
                -54.5602815,-20.5116721,0
                -54.5576298,-20.5088557,0
                -54.5560119,-20.5069626,0
                -54.5554498,-20.5057647,0
                -54.5554026,-20.5047478,0
                -54.5557013,-20.5038569,0
                -54.5564507,-20.5028051,0
                -54.5572975,-20.5031234,0
                -54.5582515,-20.5032206,0
                -54.5605458,-20.503013,0
                -54.5654059,-20.5022724,0
                -54.5670688,-20.5020442,0
                -54.5677125,-20.5020623,0
                -54.5682489,-20.5021407,0
                -54.5690268,-20.5023574,0
                -54.5697833,-20.5026344,0
                -54.5709153,-20.5032739,0
                -54.573217,-20.5046283,0
                -54.5743381,-20.5052799,0
                -54.575277,-20.5058359,0
                -54.5764706,-20.5065344,0
                -54.5776804,-20.5072128,0
                -54.5777374,-20.5073492,0
                -54.5778628,-20.5074121,0
                -54.5779217,-20.5074466,0
                -54.577986,-20.5074605,0
                -54.5780101,-20.5074354,0
                -54.5780285,-20.5073906,0
                -54.5781144,-20.5072342,0
                -54.5783074,-20.5069401,0
                -54.5808715,-20.5024254,0
                -54.5815641,-20.5011497,0
                -54.5823203,-20.499718,0
                -54.5828136,-20.4988534,0
                -54.5842464,-20.4963408,0
                -54.5849171,-20.49508,0
                -54.5857379,-20.4951052,0
                -54.5866982,-20.4955726,0
                -54.5874755,-20.4960949,0
                -54.5887899,-20.4967982,0
                -54.5907055,-20.4979592,0
                -54.5932729,-20.4994729,0
                -54.5953983,-20.5006379,0
                -54.5965581,-20.5006172,0
                -54.5977971,-20.5005312,0
                -54.5990451,-20.5004902,0
                -54.6006561,-20.5004062,0
                -54.6012411,-20.5004712,0
                -54.6020351,-20.5007172,0
                -54.6027591,-20.5011442,0
                -54.6038751,-20.5021952,0
                -54.6050997,-20.5032897,0
              </coordinates>
            </LinearRing>
          </outerBoundaryIs>
        </Polygon>
      </Placemark>
      <Placemark>
        <name>SETOR B</name>
        <styleUrl>#poly-009D57-3000-115-nodesc</styleUrl>
        <Polygon>
          <outerBoundaryIs>
            <LinearRing>
              <tessellate>1</tessellate>
              <coordinates>
                -54.6181184,-20.4298307,0
                -54.6165284,-20.4308007,0
                -54.6162084,-20.4309507,0
                -54.6161184,-20.4311307,0
                -54.6155584,-20.4313407,0
                -54.6154784,-20.4314607,0
                -54.6153884,-20.4314707,0
                -54.6149384,-20.4318707,0
                -54.6139984,-20.4324007,0
                -54.6138484,-20.4325407,0
                -54.6134384,-20.4326807,0
                -54.6130784,-20.4324407,0
                -54.6117884,-20.4292607,0
                -54.6097084,-20.4248407,0
                -54.6093884,-20.4239907,0
                -54.6090884,-20.4238107,0
                -54.6084384,-20.4236907,0
                -54.6054583,-20.4254107,0
                -54.6040783,-20.4261107,0
                -54.6038183,-20.4261507,0
                -54.6035383,-20.4264107,0
                -54.6021283,-20.4271207,0
                -54.6010283,-20.4265707,0
                -54.5999883,-20.4261307,0
                -54.5998283,-20.4258807,0
                -54.5993283,-20.4259707,0
                -54.5960183,-20.4253107,0
                -54.5952883,-20.4280707,0
                -54.5945623,-20.4312657,0
                -54.5941753,-20.4325427,0
                -54.5933063,-20.4323817,0
                -54.5928343,-20.4322917,0
                -54.5922873,-20.4317077,0
                -54.5915153,-20.4308637,0
                -54.5907963,-20.4300287,0
                -54.5870413,-20.4259067,0
                -54.5835083,-20.4217407,0
                -54.5792583,-20.4167507,0
                -54.5746283,-20.4118907,0
                -54.5673003,-20.4039267,0
                -54.5697783,-20.4020257,0
                -54.5719673,-20.4002467,0
                -54.5724283,-20.3999247,0
                -54.5727713,-20.3996327,0
                -54.5734693,-20.3990697,0
                -54.5747563,-20.3980437,0
                -54.5773853,-20.3959327,0
                -54.5792523,-20.3944237,0
                -54.5806033,-20.3933677,0
                -54.5809473,-20.3931067,0
                -54.5814943,-20.3926037,0
                -54.5818913,-20.3925127,0
                -54.5828243,-20.3906827,0
                -54.5837043,-20.3888127,0
                -54.5853993,-20.3851417,0
                -54.5861073,-20.3837237,0
                -54.5867283,-20.3822807,0
                -54.5870733,-20.3817827,0
                -54.5876203,-20.3812497,0
                -54.5881243,-20.3808367,0
                -54.5886823,-20.3803547,0
                -54.5899483,-20.3792807,0
                -54.5922183,-20.3772707,0
                -54.5973883,-20.3729107,0
                -54.6001983,-20.3704307,0
                -54.6016983,-20.3692307,0
                -54.6034883,-20.3693707,0
                -54.6050483,-20.3695707,0
                -54.6065083,-20.3761007,0
                -54.6077783,-20.3785807,0
                -54.6091084,-20.3799907,0
                -54.6103884,-20.3815007,0
                -54.6112084,-20.3836307,0
                -54.6124784,-20.3879707,0
                -54.6145384,-20.3939907,0
                -54.6157184,-20.3977307,0
                -54.6162484,-20.3996207,0
                -54.6177284,-20.4038407,0
                -54.6209284,-20.4143407,0
                -54.6245384,-20.4253807,0
                -54.6216684,-20.4267407,0
                -54.6211184,-20.4268607,0
                -54.6210984,-20.4272507,0
                -54.6212084,-20.4274507,0
                -54.6211784,-20.4284707,0
                -54.6181184,-20.4298307,0
              </coordinates>
            </LinearRing>
          </outerBoundaryIs>
        </Polygon>
      </Placemark>
      <Placemark>
        <name>SETOR C1</name>
        <styleUrl>#poly-CC6600-3000-115-nodesc</styleUrl>
        <Polygon>
          <outerBoundaryIs>
            <LinearRing>
              <tessellate>1</tessellate>
              <coordinates>
                -54.60688,-20.36904,0
                -54.61546,-20.37097,0
                -54.61873,-20.37918,0
                -54.62113,-20.38223,0
                -54.63177,-20.38078,0
                -54.63692,-20.37869,0
                -54.64224,-20.37612,0
                -54.64997,-20.37403,0
                -54.65529,-20.37692,0
                -54.65786,-20.38207,0
                -54.66027,-20.38722,0
                -54.6625,-20.38963,0
                -54.66834,-20.3898,0
                -54.67314,-20.39012,0
                -54.68207,-20.39414,0
                -54.68602,-20.39478,0
                -54.69031,-20.39317,0
                -54.69597,-20.40701,0
                -54.69494,-20.41039,0
                -54.69134,-20.41489,0
                -54.687238,-20.416898,0
                -54.684834,-20.41724,0
                -54.684169,-20.417964,0
                -54.683611,-20.418326,0
                -54.682624,-20.418808,0
                -54.682195,-20.419331,0
                -54.681981,-20.420518,0
                -54.681487,-20.421,0
                -54.681423,-20.421644,0
                -54.681251,-20.422388,0
                -54.6808,-20.423554,0
                -54.680071,-20.425666,0
                -54.679449,-20.427033,0
                -54.679084,-20.428038,0
                -54.678612,-20.429667,0
                -54.677904,-20.431959,0
                -54.677367,-20.435217,0
                -54.676981,-20.436644,0
                -54.675908,-20.438032,0
                -54.674749,-20.439459,0
                -54.672625,-20.438394,0
                -54.669567,-20.442606,0
                -54.667743,-20.4453,0
                -54.66504,-20.445461,0
                -54.661252,-20.445562,0
                -54.658399,-20.44706,0
                -54.655298,-20.448698,0
                -54.652069,-20.450377,0
                -54.648077,-20.452518,0
                -54.64444,-20.454549,0
                -54.640868,-20.4568,0
                -54.638325,-20.458338,0
                -54.637488,-20.458821,0
                -54.636737,-20.459153,0
                -54.636308,-20.459384,0
                -54.635729,-20.459645,0
                -54.634913,-20.460027,0
                -54.634162,-20.460429,0
                -54.633851,-20.455283,0
                -54.633701,-20.452528,0
                -54.633121,-20.450739,0
                -54.631448,-20.445491,0
                -54.629796,-20.440324,0
                -54.61409,-20.38754,0
                -54.61031,-20.37837,0
                -54.60705,-20.37451,0
                -54.60688,-20.36904,0
              </coordinates>
            </LinearRing>
          </outerBoundaryIs>
        </Polygon>
      </Placemark>
      <Placemark>
        <name>SETOR C2</name>
        <styleUrl>#poly-333399-3000-115-nodesc</styleUrl>
        <Polygon>
          <outerBoundaryIs>
            <LinearRing>
              <tessellate>1</tessellate>
              <coordinates>
                -54.704211,-20.488894,0
                -54.700949,-20.490703,0
                -54.69949,-20.491808,0
                -54.698696,-20.49211,0
                -54.69655,-20.492632,0
                -54.69125,-20.493959,0
                -54.68977,-20.490542,0
                -54.689384,-20.49004,0
                -54.68668,-20.490944,0
                -54.683504,-20.489638,0
                -54.681487,-20.488633,0
                -54.677689,-20.48608,0
                -54.674385,-20.483849,0
                -54.671466,-20.481336,0
                -54.670007,-20.479446,0
                -54.668484,-20.477115,0
                -54.66663,-20.47405,0
                -54.66389,-20.47096,0
                -54.66058,-20.4712,0
                -54.658012,-20.471426,0
                -54.656017,-20.469516,0
                -54.65282,-20.46244,0
                -54.65063,-20.46338,0
                -54.64649,-20.46354,0
                -54.64479,-20.46356,0
                -54.64408,-20.46362,0
                -54.64309,-20.46394,0
                -54.64013,-20.46507,0
                -54.63709,-20.46607,0
                -54.63631,-20.46453,0
                -54.63591,-20.46324,0
                -54.63561,-20.46288,0
                -54.63513,-20.4626,0
                -54.63436,-20.46069,0
                -54.63543,-20.46022,0
                -54.63752,-20.45922,0
                -54.64792,-20.45285,0
                -54.65063,-20.45154,0
                -54.65977,-20.44659,0
                -54.66148,-20.44585,0
                -54.66344,-20.44575,0
                -54.66558,-20.44571,0
                -54.66777,-20.44555,0
                -54.66851,-20.44458,0
                -54.67002,-20.44234,0
                -54.671,-20.44076,0
                -54.67264,-20.43849,0
                -54.67474,-20.43952,0
                -54.67618,-20.43785,0
                -54.67708,-20.4367,0
                -54.67822,-20.43149,0
                -54.67942,-20.42735,0
                -54.68099,-20.42343,0
                -54.68153,-20.42168,0
                -54.68168,-20.421,0
                -54.68202,-20.42065,0
                -54.68232,-20.41935,0
                -54.68281,-20.41886,0
                -54.68374,-20.41838,0
                -54.68464,-20.41766,0
                -54.68489,-20.41734,0
                -54.68622,-20.41724,0
                -54.68861,-20.41665,0
                -54.69125,-20.41551,0
                -54.69208,-20.41508,0
                -54.69635,-20.40973,0
                -54.69908,-20.40768,0
                -54.70627,-20.41457,0
                -54.71194,-20.42165,0
                -54.72361,-20.43452,0
                -54.7243,-20.4416,0
                -54.72825,-20.44256,0
                -54.73202,-20.45382,0
                -54.737,-20.45431,0
                -54.74576,-20.46154,0
                -54.75228,-20.46669,0
                -54.76,-20.46942,0
                -54.7679,-20.47055,0
                -54.7679,-20.47618,0
                -54.76859,-20.48116,0
                -54.75571,-20.48165,0
                -54.75073,-20.48808,0
                -54.74249,-20.49676,0
                -54.737,-20.50223,0
                -54.72842,-20.51252,0
                -54.72436,-20.517152,0
                -54.72187,-20.516991,0
                -54.7188,-20.51413,0
                -54.715819,-20.500833,0
                -54.70979,-20.494622,0
                -54.70464,-20.488894,0
                -54.704211,-20.488894,0
              </coordinates>
            </LinearRing>
          </outerBoundaryIs>
        </Polygon>
      </Placemark>
      <Placemark>
        <name>SETOR D</name>
        <styleUrl>#poly-0BA9CC-3000-115-nodesc</styleUrl>
        <Polygon>
          <outerBoundaryIs>
            <LinearRing>
              <tessellate>1</tessellate>
              <coordinates>
                -54.65162,-20.5132,0
                -54.65218,-20.51617,0
                -54.65411,-20.52007,0
                -54.65497,-20.52272,0
                -54.65514,-20.52493,0
                -54.65587,-20.52763,0
                -54.6569,-20.53414,0
                -54.6557,-20.53438,0
                -54.6539,-20.53534,0
                -54.65248,-20.5392,0
                -54.642938,-20.536986,0
                -54.63455,-20.53531,0
                -54.62952,-20.5345,0
                -54.634978,-20.52515,0
                -54.634774,-20.517213,0
                -54.634538,-20.505958,0
                -54.634624,-20.505335,0
                -54.6347418,-20.5041597,0
                -54.63339,-20.5040739,0
                -54.629828,-20.5028854,0
                -54.630064,-20.5003969,0
                -54.6305254,-20.4978983,0
                -54.637585,-20.498692,0
                -54.6394247,-20.4971348,0
                -54.6398375,-20.499517,0
                -54.640374,-20.503305,0
                -54.640535,-20.50434,0
                -54.640707,-20.504802,0
                -54.64098,-20.50516,0
                -54.64312,-20.50628,0
                -54.64561,-20.5066,0
                -54.64832,-20.50849,0
                -54.65063,-20.51002,0
                -54.65162,-20.5132,0
              </coordinates>
            </LinearRing>
          </outerBoundaryIs>
        </Polygon>
      </Placemark>
      <Placemark>
        <name>SETOR F</name>
        <styleUrl>#poly-33CC00-3000-115-nodesc</styleUrl>
        <Polygon>
          <outerBoundaryIs>
            <LinearRing>
              <tessellate>1</tessellate>
              <coordinates>
                -54.66801,-20.55107,0
                -54.66719,-20.54966,0
                -54.66666,-20.54801,0
                -54.66569,-20.54466,0
                -54.661789,-20.532425,0
                -54.658012,-20.533811,0
                -54.657605,-20.528205,0
                -54.656317,-20.522618,0
                -54.655459,-20.519604,0
                -54.6543,-20.517152,0
                -54.653549,-20.515444,0
                -54.653227,-20.512751,0
                -54.652476,-20.510038,0
                -54.650867,-20.508671,0
                -54.648056,-20.506822,0
                -54.646962,-20.505998,0
                -54.64185,-20.50464,0
                -54.64154,-20.50422,0
                -54.64078,-20.5015,0
                -54.64071,-20.50036,0
                -54.64024,-20.49752,0
                -54.64024,-20.4967,0
                -54.64012,-20.49635,0
                -54.63972,-20.49567,0
                -54.63596,-20.4914,0
                -54.63375,-20.48749,0
                -54.63275,-20.48544,0
                -54.63245,-20.48495,0
                -54.63202,-20.48448,0
                -54.63126,-20.48397,0
                -54.62975,-20.48356,0
                -54.62927,-20.48327,0
                -54.62875,-20.48277,0
                -54.62849,-20.48213,0
                -54.62841,-20.48068,0
                -54.62812,-20.47912,0
                -54.62755,-20.47755,0
                -54.62756,-20.4771,0
                -54.62774,-20.47631,0
                -54.62822,-20.47562,0
                -54.6299,-20.47482,0
                -54.63192,-20.47341,0
                -54.63702,-20.47072,0
                -54.63844,-20.46975,0
                -54.63921,-20.46935,0
                -54.63737,-20.46666,0
                -54.64276,-20.46476,0
                -54.64449,-20.46404,0
                -54.65148,-20.46368,0
                -54.65286,-20.46304,0
                -54.65563,-20.46958,0
                -54.65718,-20.47103,0
                -54.65788,-20.4718,0
                -54.663806,-20.471044,0
                -54.665437,-20.473295,0
                -54.66642,-20.47426,0
                -54.66676,-20.4753,0
                -54.671263,-20.481778,0
                -54.672829,-20.482904,0
                -54.674406,-20.483969,0
                -54.674438,-20.48408,0
                -54.673848,-20.485638,0
                -54.673859,-20.486361,0
                -54.674138,-20.487507,0
                -54.674116,-20.488773,0
                -54.674106,-20.490019,0
                -54.674052,-20.490572,0
                -54.673762,-20.490994,0
                -54.672539,-20.492371,0
                -54.6696,-20.495848,0
                -54.667379,-20.498542,0
                -54.657755,-20.501516,0
                -54.659107,-20.505797,0
                -54.65595,-20.5065,0
                -54.65844,-20.51413,0
                -54.66075,-20.52191,0
                -54.662,-20.52155,0
                -54.665,-20.53138,0
                -54.66614,-20.53111,0
                -54.66829,-20.53809,0
                -54.67363,-20.5364,0
                -54.67758,-20.53529,0
                -54.67878,-20.53849,0
                -54.67932,-20.53919,0
                -54.67989,-20.54018,0
                -54.68371,-20.54596,0
                -54.67509,-20.54926,0
                -54.66902,-20.55151,0
                -54.66801,-20.55107,0
              </coordinates>
            </LinearRing>
          </outerBoundaryIs>
        </Polygon>
      </Placemark>
      <Placemark>
        <name>SETOR G</name>
        <styleUrl>#poly-F4EB37-3000-115-nodesc</styleUrl>
        <Polygon>
          <outerBoundaryIs>
            <LinearRing>
              <tessellate>1</tessellate>
              <coordinates>
                -54.683633,-20.5459477,0
                -54.680608,-20.5415277,0
                -54.678526,-20.5383127,0
                -54.67726,-20.5349767,0
                -54.668227,-20.5375887,0
                -54.667068,-20.5342937,0
                -54.666038,-20.5310387,0
                -54.665115,-20.5312397,0
                -54.662025,-20.5213327,0
                -54.6607169,-20.5217337,0
                -54.6592149,-20.5163687,0
                -54.6560819,-20.5067617,0
                -54.6590639,-20.5060587,0
                -54.6577769,-20.5018377,0
                -54.661983,-20.5004507,0
                -54.667132,-20.4989037,0
                -54.667669,-20.4983807,0
                -54.670716,-20.4946427,0
                -54.674106,-20.4907837,0
                -54.674342,-20.4880297,0
                -54.673849,-20.4859387,0
                -54.674278,-20.4844917,0
                -54.678376,-20.4872257,0
                -54.681702,-20.4895367,0
                -54.686358,-20.4916477,0
                -54.688976,-20.4907227,0
                -54.690736,-20.4945217,0
                -54.699293,-20.4923107,0
                -54.704103,-20.4894107,0
                -54.714913,-20.5014707,0
                -54.717343,-20.5160507,0
                -54.696743,-20.5398507,0
                -54.693718,-20.5418687,0
                -54.689363,-20.5437007,0
                -54.683633,-20.5459477,0
              </coordinates>
            </LinearRing>
          </outerBoundaryIs>
        </Polygon>
      </Placemark>
      <Placemark>
        <name>SETOR H</name>
        <styleUrl>#poly-FFFF00-3000-115-nodesc</styleUrl>
        <Polygon>
          <outerBoundaryIs>
            <LinearRing>
              <tessellate>1</tessellate>
              <coordinates>
                -54.6127212,-20.4405764,0
                -54.6084488,-20.462426,0
                -54.6016995,-20.4613652,0
                -54.5960495,-20.4603552,0
                -54.5847695,-20.4584652,0
                -54.5635263,-20.4547673,0
                -54.5634463,-20.4551876,0
                -54.5633831,-20.4558677,0
                -54.5632088,-20.4578603,0
                -54.5630701,-20.458683,0
                -54.5630249,-20.4591245,0
                -54.5628296,-20.4595459,0
                -54.5623537,-20.4598489,0
                -54.562046,-20.4598648,0
                -54.561749,-20.4597701,0
                -54.5609908,-20.4595283,0
                -54.5598208,-20.4591679,0
                -54.5573566,-20.4584502,0
                -54.5570918,-20.4583658,0
                -54.5568339,-20.4582705,0
                -54.556608,-20.458231,0
                -54.5564685,-20.4581535,0
                -54.5563398,-20.458114,0
                -54.5562111,-20.4580393,0
                -54.5560502,-20.4579653,0
                -54.5557793,-20.457804,0
                -54.5554011,-20.4576377,0
                -54.5549827,-20.4577323,0
                -54.5547419,-20.4576619,0
                -54.5545761,-20.4575814,0
                -54.5544376,-20.4575914,0
                -54.5536022,-20.4570104,0
                -54.5506221,-20.4555989,0
                -54.5473043,-20.4533273,0
                -54.5476951,-20.4513956,0
                -54.5461763,-20.451233,0
                -54.5437633,-20.4508881,0
                -54.5423432,-20.4505604,0
                -54.5414493,-20.4504192,0
                -54.5408461,-20.4503563,0
                -54.5405886,-20.4502917,0
                -54.5403526,-20.4502412,0
                -54.5402664,-20.4502014,0
                -54.5402345,-20.4499092,0
                -54.5402771,-20.4495276,0
                -54.5403095,-20.4492559,0
                -54.5406956,-20.447326,0
                -54.5408142,-20.4466422,0
                -54.5412209,-20.4443506,0
                -54.5431557,-20.4341033,0
                -54.545259,-20.424007,0
                -54.5464607,-20.4188621,0
                -54.5495541,-20.4120239,0
                -54.5507955,-20.4094013,0
                -54.5515575,-20.4078342,0
                -54.5526587,-20.4053925,0
                -54.5535346,-20.4034742,0
                -54.5543015,-20.4018356,0
                -54.554523,-20.4013687,0
                -54.5547195,-20.4010552,0
                -54.5570275,-20.3960944,0
                -54.557236,-20.3957982,0
                -54.5575089,-20.395502,0
                -54.5581834,-20.3950906,0
                -54.5586337,-20.3950534,0
                -54.5588615,-20.3950725,0
                -54.5590733,-20.3951469,0
                -54.5597808,-20.3958266,0
                -54.5924676,-20.4319718,0
                -54.5929781,-20.4322448,0
                -54.5932525,-20.4323319,0
                -54.5942115,-20.4325106,0
                -54.5959715,-20.425681,0
                -54.5989995,-20.4262852,0
                -54.6010195,-20.4271952,0
                -54.6012495,-20.4273752,0
                -54.6026895,-20.4265652,0
                -54.6027995,-20.4266052,0
                -54.6030995,-20.4265252,0
                -54.6033295,-20.4262652,0
                -54.6040895,-20.4258252,0
                -54.6086493,-20.4238753,0
                -54.6088671,-20.4240449,0
                -54.6091175,-20.4241646,0
                -54.6092266,-20.4243949,0
                -54.60948,-20.425085,0
                -54.61122,-20.4284445,0
                -54.6122626,-20.4311545,0
                -54.6127411,-20.4323587,0
                -54.6131841,-20.4330111,0
                -54.613713,-20.4335227,0
                -54.6143787,-20.4341253,0
                -54.6144707,-20.4344696,0
                -54.6153275,-20.4369544,0
                -54.6159427,-20.4370534,0
                -54.6172777,-20.4373496,0
                -54.6175185,-20.437706,0
                -54.6178739,-20.4384148,0
                -54.6181604,-20.4391059,0
                -54.6183019,-20.4398572,0
                -54.6183801,-20.4406468,0
                -54.6183081,-20.4414364,0
                -54.6172195,-20.4412352,0
                -54.6127212,-20.4405764,0
              </coordinates>
            </LinearRing>
          </outerBoundaryIs>
        </Polygon>
      </Placemark>
      <Placemark>
        <name>SETOR I</name>
        <styleUrl>#poly-003300-3000-115-nodesc</styleUrl>
        <Polygon>
          <outerBoundaryIs>
            <LinearRing>
              <tessellate>1</tessellate>
              <coordinates>
                -54.625354,-20.476863,0
                -54.622318,-20.478562,0
                -54.62029,-20.479718,0
                -54.618627,-20.480673,0
                -54.615752,-20.482331,0
                -54.616095,-20.480653,0
                -54.615709,-20.48016,0
                -54.614968,-20.479266,0
                -54.612769,-20.476301,0
                -54.611782,-20.474863,0
                -54.610645,-20.473346,0
                -54.609421,-20.471798,0
                -54.60852,-20.470551,0
                -54.608027,-20.470431,0
                -54.607168,-20.470431,0
                -54.6100981,-20.4547,0
                -54.6108696,-20.4508502,0
                -54.6116196,-20.4469199,0
                -54.61283,-20.44083,0
                -54.61549,-20.44115,0
                -54.61725,-20.44163,0
                -54.61879,-20.4418,0
                -54.61853,-20.439419,0
                -54.61772,-20.43769,0
                -54.620805,-20.437207,0
                -54.621406,-20.436765,0
                -54.622071,-20.436363,0
                -54.623165,-20.435921,0
                -54.624324,-20.435438,0
                -54.626212,-20.434654,0
                -54.627564,-20.434151,0
                -54.628401,-20.437248,0
                -54.62971,-20.441229,0
                -54.63038,-20.4436,0
                -54.631383,-20.446617,0
                -54.6333,-20.45233,0
                -54.633583,-20.456489,0
                -54.63381,-20.46017,0
                -54.63484,-20.46327,0
                -54.63544,-20.46351,0
                -54.63578,-20.46455,0
                -54.63604,-20.46556,0
                -54.63656,-20.46616,0
                -54.63686,-20.46701,0
                -54.63772,-20.46777,0
                -54.63802,-20.46894,0
                -54.63793,-20.46954,0
                -54.63192,-20.473,0
                -54.62986,-20.47424,0
                -54.62759,-20.47541,0
                -54.626588,-20.47615,0
                -54.625354,-20.476863,0
              </coordinates>
            </LinearRing>
          </outerBoundaryIs>
        </Polygon>
      </Placemark>
      <Placemark>
        <name>SETOR J</name>
        <styleUrl>#poly-663300-3000-115-nodesc</styleUrl>
        <Polygon>
          <outerBoundaryIs>
            <LinearRing>
              <tessellate>1</tessellate>
              <coordinates>
                -54.6345267,-20.5186794,0
                -54.6346237,-20.5219454,0
                -54.6346877,-20.5251704,0
                -54.6331967,-20.5277424,0
                -54.6313407,-20.5309274,0
                -54.6303967,-20.5325254,0
                -54.6299027,-20.5334794,0
                -54.6291627,-20.5346854,0
                -54.6294847,-20.5347964,0
                -54.6332397,-20.5354694,0
                -54.6330247,-20.5373174,0
                -54.6321877,-20.5394274,0
                -54.6320597,-20.5408544,0
                -54.6318017,-20.5412664,0
                -54.6316297,-20.5447424,0
                -54.6315657,-20.5482184,0
                -54.6313297,-20.5518354,0
                -54.6311797,-20.5551904,0
                -54.6309217,-20.5620614,0
                -54.6318449,-20.5677574,0
                -54.6295484,-20.5671044,0
                -54.6268449,-20.5664408,0
                -54.6250101,-20.5659587,0
                -54.6233374,-20.5655169,0
                -54.6215741,-20.5650212,0
                -54.6170342,-20.5638524,0
                -54.6150217,-20.5634991,0
                -54.6136185,-20.5632772,0
                -54.6122154,-20.5632762,0
                -54.6102307,-20.5634618,0
                -54.6081817,-20.5638081,0
                -54.6065255,-20.5643772,0
                -54.6045932,-20.5651364,0
                -54.6033099,-20.565882,0
                -54.6021507,-20.5656804,0
                -54.5890207,-20.5646804,0
                -54.5909107,-20.5572004,0
                -54.5926607,-20.5510104,0
                -54.5947207,-20.5427404,0
                -54.5964407,-20.5367504,0
                -54.5976907,-20.5328104,0
                -54.6060107,-20.5354604,0
                -54.6072607,-20.5346204,0
                -54.6085007,-20.5345004,0
                -54.6091907,-20.5341004,0
                -54.6096607,-20.5321704,0
                -54.6113307,-20.5290304,0
                -54.6106507,-20.5285504,0
                -54.5996872,-20.5246898,0
                -54.6010101,-20.5203297,0
                -54.6025572,-20.515089,0
                -54.6042301,-20.5089203,0
                -54.6053387,-20.5047974,0
                -54.6054247,-20.5043804,0
                -54.6056017,-20.5038724,0
                -54.6060207,-20.5035464,0
                -54.6060957,-20.5031644,0
                -54.6059187,-20.5028884,0
                -54.6064707,-20.5018984,0
                -54.6070287,-20.5011244,0
                -54.6079567,-20.5002044,0
                -54.6091267,-20.4993354,0
                -54.6107837,-20.4981904,0
                -54.6121467,-20.4972404,0
                -54.6126567,-20.4966824,0
                -54.6130107,-20.4960994,0
                -54.6131497,-20.4956824,0
                -54.6132727,-20.4955574,0
                -54.6136217,-20.4954664,0
                -54.6141797,-20.4954314,0
                -54.6147747,-20.4953914,0
                -54.6150807,-20.4954714,0
                -54.6152637,-20.4957224,0
                -54.6152307,-20.4961044,0
                -54.6155477,-20.4962054,0
                -54.6159717,-20.4969844,0
                -54.6163687,-20.4978984,0
                -54.6168137,-20.4987984,0
                -54.6176557,-20.5005914,0
                -54.6178217,-20.5010244,0
                -54.6181387,-20.5015064,0
                -54.6187017,-20.5016114,0
                -54.6193347,-20.5016424,0
                -54.6204777,-20.5017774,0
                -54.6212987,-20.5018124,0
                -54.6221027,-20.5018634,0
                -54.6227897,-20.5020134,0
                -54.6235087,-20.5020644,0
                -54.6236479,-20.5027777,0
                -54.6249518,-20.5029234,0
                -54.6255416,-20.5029986,0
                -54.6260619,-20.5032042,0
                -54.6268884,-20.503576,0
                -54.6289535,-20.5043354,0
                -54.629326,-20.5044384,0
                -54.6296771,-20.5046621,0
                -54.6304127,-20.5052492,0
                -54.6307573,-20.5055004,0
                -54.631177,-20.5056712,0
                -54.6316074,-20.5056863,0
                -54.6321666,-20.5057164,0
                -54.6326843,-20.5057065,0
                -54.6330035,-20.5055407,0
                -54.6334485,-20.5052851,0
                -54.634479,-20.505008,0
                -54.6343978,-20.5060785,0
                -54.6345267,-20.5186794,0
              </coordinates>
            </LinearRing>
          </outerBoundaryIs>
        </Polygon>
      </Placemark>
      <Placemark>
        <name>SETOR L</name>
        <styleUrl>#poly-999900-3000-115-nodesc</styleUrl>
        <Polygon>
          <outerBoundaryIs>
            <LinearRing>
              <tessellate>1</tessellate>
              <coordinates>
                -54.638872,-20.569153,0
                -54.63209,-20.56754,0
                -54.63119,-20.56164,0
                -54.63157,-20.55555,0
                -54.631898,-20.545707,0
                -54.632049,-20.54428,0
                -54.632092,-20.542854,0
                -54.632134,-20.541949,0
                -54.632263,-20.540965,0
                -54.632435,-20.539257,0
                -54.633079,-20.537408,0
                -54.633229,-20.535861,0
                -54.633336,-20.535379,0
                -54.634699,-20.53564,0
                -54.637874,-20.536263,0
                -54.639688,-20.536554,0
                -54.641426,-20.536856,0
                -54.642262,-20.537006,0
                -54.643013,-20.537117,0
                -54.65243,-20.53949,0
                -54.65372,-20.53845,0
                -54.6544,-20.53564,0
                -54.65629,-20.53499,0
                -54.65827,-20.53443,0
                -54.65955,-20.53419,0
                -54.66144,-20.53322,0
                -54.66195,-20.53425,0
                -54.663,-20.5376,0
                -54.66816,-20.55255,0
                -54.66919,-20.55898,0
                -54.642498,-20.570057,0
                -54.638872,-20.569153,0
              </coordinates>
            </LinearRing>
          </outerBoundaryIs>
        </Polygon>
      </Placemark>
      <Placemark>
        <name>SETOR M</name>
        <styleUrl>#poly-993300-3000-115-nodesc</styleUrl>
        <Polygon>
          <outerBoundaryIs>
            <LinearRing>
              <tessellate>1</tessellate>
              <coordinates>
                -54.5671607,-20.4037151,0
                -54.5588887,-20.3940401,0
                -54.5574287,-20.3931601,0
                -54.5564887,-20.3930001,0
                -54.5560116,-20.3926596,0
                -54.5556435,-20.3924517,0
                -54.5550451,-20.3920329,0
                -54.5535917,-20.3910838,0
                -54.550816,-20.3893348,0
                -54.5483713,-20.3878043,0
                -54.5432281,-20.3845052,0
                -54.5412505,-20.3830223,0
                -54.5400454,-20.381692,0
                -54.5390814,-20.3802437,0
                -54.5427521,-20.3747322,0
                -54.5502186,-20.3790805,0
                -54.5552018,-20.3823765,0
                -54.5557141,-20.3819167,0
                -54.557601,-20.3825115,0
                -54.5589736,-20.3833318,0
                -54.5594238,-20.3788541,0
                -54.5595416,-20.3762935,0
                -54.5606948,-20.3771051,0
                -54.563157,-20.3748794,0
                -54.5654069,-20.3707056,0
                -54.5690112,-20.3719808,0
                -54.5694442,-20.3720509,0
                -54.5693193,-20.3723623,0
                -54.5703688,-20.3728658,0
                -54.5702284,-20.3733992,0
                -54.574321,-20.375255,0
                -54.5751012,-20.3735075,0
                -54.5777444,-20.3745849,0
                -54.5761818,-20.3774325,0
                -54.5754128,-20.3791978,0
                -54.5735254,-20.3835467,0
                -54.5759015,-20.3844251,0
                -54.5783838,-20.3851813,0
                -54.5802497,-20.3859957,0
                -54.5841017,-20.3874241,0
                -54.5829327,-20.3898381,0
                -54.5817737,-20.3922511,0
                -54.5812477,-20.3924831,0
                -54.5806687,-20.3929251,0
                -54.5801107,-20.3933481,0
                -54.5786087,-20.3945641,0
                -54.5768817,-20.3959521,0
                -54.5745207,-20.3978731,0
                -54.5720857,-20.3998641,0
                -54.5671607,-20.4037151,0
              </coordinates>
            </LinearRing>
          </outerBoundaryIs>
        </Polygon>
      </Placemark>
      <Placemark>
        <name>Alves Pereira</name>
        <description>Rua Agostinho Bacha nº 599 - Alves Pereira</description>
        <styleUrl>#icon-159-labelson</styleUrl>
        <Point>
          <coordinates>
            -54.603252,-20.530214,0
          </coordinates>
        </Point>
      </Placemark>
      <Placemark>
        <name>Campina Verde</name>
        <description><![CDATA[Rua Jornalista Márcia Mendes nº 235<br>Campina Verde<br>CEP: 79062-510]]></description>
        <styleUrl>#icon-159-labelson</styleUrl>
        <Point>
          <coordinates>
            -54.575808,-20.520428,0
          </coordinates>
        </Point>
      </Placemark>
      <Placemark>
        <name>Cidade Morena</name>
        <description><![CDATA[Rua Minas Novas nº 468<br>Cidade Morena<br>CEP: 79064-370]]></description>
        <styleUrl>#icon-159-labelson</styleUrl>
        <Point>
          <coordinates>
            -54.58762,-20.550619,0
          </coordinates>
        </Point>
      </Placemark>
      <Placemark>
        <name>Dr. Albuquerque</name>
        <description><![CDATA[Rua Maria Margarida nº 278<br>Dr. ALBUQUERQUE<br>CEP: 79060-190]]></description>
        <styleUrl>#icon-159-labelson</styleUrl>
        <Point>
          <coordinates>
            -54.602206,-20.503813,0
          </coordinates>
        </Point>
      </Placemark>
      <Placemark>
        <name>Santa Felicidade</name>
        <description><![CDATA[Rua dos Pretos Velhos nº<br>Santa Felicidade]]></description>
        <styleUrl>#icon-159-labelson</styleUrl>
        <Point>
          <coordinates>
            -54.582675,-20.560876,0
          </coordinates>
        </Point>
      </Placemark>
      <Placemark>
        <name>Universitário</name>
        <description><![CDATA[Rua Brigadeiro Thiago nº 297<br>Universitário<br>CEP: 79063-520]]></description>
        <styleUrl>#icon-159-labelson</styleUrl>
        <Point>
          <coordinates>
            -54.597192,-20.51902,0
          </coordinates>
        </Point>
      </Placemark>
      <Placemark>
        <name>Itamaracá</name>
        <description><![CDATA[Rua Georgina Pereira Barbosa nº 428<br>Jardim Itamaracá<br>CEP: 79062-110]]></description>
        <styleUrl>#icon-159-labelson</styleUrl>
        <Point>
          <coordinates>
            -54.571474,-20.511937,0
          </coordinates>
        </Point>
      </Placemark>
      <Placemark>
        <name>Jardim Moema</name>
        <description><![CDATA[Rua Olinda Gondin Martins nº 08<br>Jardim Moema<br>CEP: 79063-260]]></description>
        <styleUrl>#icon-159-labelson</styleUrl>
        <Point>
          <coordinates>
            -54.582894,-20.523312,0
          </coordinates>
        </Point>
      </Placemark>
      <Placemark>
        <name>Moreninha III</name>
        <description><![CDATA[Rua Amapá Doce nº 15<br>Moreninha III<br>CEP: 79065-070]]></description>
        <styleUrl>#icon-159-labelson</styleUrl>
        <Point>
          <coordinates>
            -54.574161,-20.555057,0
          </coordinates>
        </Point>
      </Placemark>
      <Placemark>
        <name>Nova Canaã</name>
        <description><![CDATA[Rua 5 nº 125<br>Morada do Sol]]></description>
        <styleUrl>#icon-159-labelson</styleUrl>
        <Point>
          <coordinates>
            -54.600402,-20.576902,0
          </coordinates>
        </Point>
      </Placemark>
      <Placemark>
        <name>Atlântico Sul</name>
        <description><![CDATA[Rua dos Bispos Qd. 10 Lt. 05 nº<br>Atlântico Sul]]></description>
        <styleUrl>#icon-168-labelson</styleUrl>
        <Point>
          <coordinates>
            -54.594075,-20.416193,0
          </coordinates>
        </Point>
      </Placemark>
      <Placemark>
        <name>Campo Belo</name>
        <description><![CDATA[Rua Báltico nº 295<br>Campo Belo<br>CEP: 79015-210]]></description>
        <styleUrl>#icon-168-labelson</styleUrl>
        <Point>
          <coordinates>
            -54.58577,-20.401312,0
          </coordinates>
        </Point>
      </Placemark>
      <Placemark>
        <name>Imperial</name>
        <description><![CDATA[Rua Catanduva nº 582<br>Jardim Imperial<br>CEP: 79013-010]]></description>
        <styleUrl>#icon-168-labelson</styleUrl>
        <Point>
          <coordinates>
            -54.593081,-20.426359,0
          </coordinates>
        </Point>
      </Placemark>
      <Placemark>
        <name>Isabel Garden</name>
        <description><![CDATA[Rua José Nogueira Vieira nº 154<br>Isabel Garden]]></description>
        <styleUrl>#icon-168-labelson</styleUrl>
        <Point>
          <coordinates>
            -54.582369,-20.414249,0
          </coordinates>
        </Point>
      </Placemark>
      <Placemark>
        <name>Nova Lima III</name>
        <description><![CDATA[Rua Santo Inácio de Loiola nº 306<br>Nova Lima III]]></description>
        <styleUrl>#icon-168-labelson</styleUrl>
        <Point>
          <coordinates>
            -54.572042,-20.404852,0
          </coordinates>
        </Point>
      </Placemark>
      <Placemark>
        <name>Monte Castelo</name>
        <description><![CDATA[Av. Monte Castelo nº 1.451<br>Monte Castelo<br>CEP: 79011-000]]></description>
        <styleUrl>#icon-167-labelson</styleUrl>
        <Point>
          <coordinates>
            -54.6068194,-20.4272818,0
          </coordinates>
        </Point>
      </Placemark>
      <Placemark>
        <name>Cruzeiro</name>
        <description><![CDATA[Rua Santa Maria nº 1.782<br>Cruzeiro<br>CEP: 79011-190]]></description>
        <styleUrl>#icon-167-labelson</styleUrl>
        <Point>
          <coordinates>
            -54.5969655,-20.431587,0
          </coordinates>
        </Point>
      </Placemark>
      <Placemark>
        <name>Margarida</name>
        <description><![CDATA[Rua Ciro Araújo França nº 579<br>Vila Margarida<br>CEP: 79023-270]]></description>
        <styleUrl>#icon-167-labelson</styleUrl>
        <Point>
          <coordinates>
            -54.588994,-20.432191,0
          </coordinates>
        </Point>
      </Placemark>
      <Placemark>
        <name>Mata do Jacinto</name>
        <description><![CDATA[Rua Jorge Pedro Bedoglim nº 91<br>Mata do Jacinto<br>CEP: 79034-240]]></description>
        <styleUrl>#icon-167-labelson</styleUrl>
        <Point>
          <coordinates>
            -54.574445,-20.421945,0
          </coordinates>
        </Point>
      </Placemark>
      <Placemark>
        <name>Catarina II</name>
        <description><![CDATA[Rua Raul Brunini nº 33<br>Catarina II<br>CEP: 79023-780]]></description>
        <styleUrl>#icon-167-labelson</styleUrl>
        <Point>
          <coordinates>
            -54.581371,-20.434206,0
          </coordinates>
        </Point>
      </Placemark>
      <Placemark>
        <name>Estrela Dalva I</name>
        <description><![CDATA[Rua 9 de maio nº 935<br>Estrela Dalva I<br>CEP: 79034-607]]></description>
        <styleUrl>#icon-167-labelson</styleUrl>
        <Point>
          <coordinates>
            -54.5573438,-20.428239,0
          </coordinates>
        </Point>
      </Placemark>
      <Placemark>
        <name>Santa Fé</name>
        <description><![CDATA[Rua Manoel Inácio Souza nº 1.386<br>Santa Fé<br>CEP: 79021-190]]></description>
        <styleUrl>#icon-167-labelson</styleUrl>
        <Point>
          <coordinates>
            -54.5893889,-20.4537484,0
          </coordinates>
        </Point>
      </Placemark>
      <Placemark>
        <name>Nova Bahia</name>
        <styleUrl>#icon-167-labelson-nodesc</styleUrl>
        <Point>
          <coordinates>
            -54.5683314,-20.4130741,0
          </coordinates>
        </Point>
      </Placemark>
      <Placemark>
        <name>Montevidéu</name>
        <description><![CDATA[Rua Panônia nº 1.850<br>Montevidéu<br>CEP: 79035-330]]></description>
        <styleUrl>#icon-167-labelson</styleUrl>
        <Point>
          <coordinates>
            -54.5565494,-20.4177377,0
          </coordinates>
        </Point>
      </Placemark>
      <Placemark>
        <name>Jardim Anache</name>
        <description>Rua Silver nº 19</description>
        <styleUrl>#icon-164-labelson</styleUrl>
        <Point>
          <coordinates>
            -54.569538,-20.374344,0
          </coordinates>
        </Point>
      </Placemark>
      <Placemark>
        <name>Jardim Colúmbia</name>
        <description><![CDATA[Rua Nhamundá nº 1.497<br>Jardim Colúmbia<br>CEP: 79018-080]]></description>
        <styleUrl>#icon-164-labelson</styleUrl>
        <Point>
          <coordinates>
            -54.546958,-20.383135,0
          </coordinates>
        </Point>
      </Placemark>
      <Placemark>
        <name>Matel</name>
        <description><![CDATA[Rua Doutora Zulmira Borba nº 1.571<br>Matel<br>CEP: 79017-040]]></description>
        <styleUrl>#icon-164-labelson</styleUrl>
        <Point>
          <coordinates>
            -54.5756695,-20.3909782,0
          </coordinates>
        </Point>
      </Placemark>
      <Placemark>
        <name>Nova Lima I</name>
        <description><![CDATA[Rua Jerônimo de Albuquerque nº 3.045<br>Nova Lima I<br>CEP: 79017-200]]></description>
        <styleUrl>#icon-164-labelson</styleUrl>
        <Point>
          <coordinates>
            -54.5592827,-20.382559,0
          </coordinates>
        </Point>
      </Placemark>
      <Placemark>
        <name>Nova Lima II</name>
        <description><![CDATA[Rua Alcebíades Barbosa nº 630<br>Nova Lima II<br>CEP: 79017-052]]></description>
        <styleUrl>#icon-164-labelson</styleUrl>
        <Point>
          <coordinates>
            -54.5670463,-20.3942467,0
          </coordinates>
        </Point>
      </Placemark>
      <Placemark>
        <name>Vida Nova</name>
        <description><![CDATA[Rua Sanandu Qd. 12 Lt. 09 E nº<br>Vida Nova<br>CEP: 79017-160]]></description>
        <styleUrl>#icon-164-labelson</styleUrl>
        <Point>
          <coordinates>
            -54.569896,-20.38175,0
          </coordinates>
        </Point>
      </Placemark>
      <Placemark>
        <name>Matriz IEADMS</name>
        <styleUrl>#icon-168-labelson-nodesc</styleUrl>
        <Point>
          <coordinates>
            -54.624592,-20.465108,0
          </coordinates>
        </Point>
      </Placemark>
      <Placemark>
        <name>José Abrão</name>
        <description><![CDATA[Rua Joaquim Cândido nº 200<br>JOSÉ ABRÃO<br>CEP: 79114-140]]></description>
        <styleUrl>#icon-166-labelson</styleUrl>
        <Point>
          <coordinates>
            -54.66501,-20.419309,0
          </coordinates>
        </Point>
      </Placemark>
      <Placemark>
        <name>Vila Nasser</name>
        <description><![CDATA[Rua Cotegipe nº 136<br>N.Srª das Graças<br>CEP: 79116-440]]></description>
        <styleUrl>#icon-166-labelson</styleUrl>
        <Point>
          <coordinates>
            -54.638197,-20.429062,0
          </coordinates>
        </Point>
      </Placemark>
      <Placemark>
        <name>Portal da Lagoa</name>
        <description><![CDATA[Rua Sebastião F. de Carvalho nº s/nº<br>São Caetano]]></description>
        <styleUrl>#icon-166-labelson</styleUrl>
        <Point>
          <coordinates>
            -54.624821,-20.392537,0
          </coordinates>
        </Point>
      </Placemark>
      <Placemark>
        <name>Santa Carmélia</name>
        <description><![CDATA[Rua Serapião Ferreira Maurício nº 619<br>Santa Carmélia<br>CEP: 79115-410]]></description>
        <styleUrl>#icon-166-labelson</styleUrl>
        <Point>
          <coordinates>
            -54.652986,-20.43028,0
          </coordinates>
        </Point>
      </Placemark>
      <Placemark>
        <name>Santa Luzia</name>
        <description><![CDATA[Av. São Nicolau nº 734<br>Santa Luzia<br>CEP: 79116-270]]></description>
        <styleUrl>#icon-166-labelson</styleUrl>
        <Point>
          <coordinates>
            -54.640165,-20.412584,0
          </coordinates>
        </Point>
      </Placemark>
      <Placemark>
        <name>Santo Amaro</name>
        <description><![CDATA[Rua Santo Amaro nº 627<br>Santo Amaro<br>CEP: 79112-100]]></description>
        <styleUrl>#icon-166-labelson</styleUrl>
        <Point>
          <coordinates>
            -54.649813,-20.446511,0
          </coordinates>
        </Point>
      </Placemark>
      <Placemark>
        <name>Vila Marly</name>
        <description><![CDATA[Rua Ovídeo de Paula Corrêa nº 388<br>Vila Marly<br>CEP: 79117-260]]></description>
        <styleUrl>#icon-166-labelson</styleUrl>
        <Point>
          <coordinates>
            -54.625854,-20.416444,0
          </coordinates>
        </Point>
      </Placemark>
      <Placemark>
        <name>Zé Pereira</name>
        <description><![CDATA[Rua Homero Lima nº 684<br>ZÉ PEREIRA]]></description>
        <styleUrl>#icon-166-labelson</styleUrl>
        <Point>
          <coordinates>
            -54.672866,-20.434583,0
          </coordinates>
        </Point>
      </Placemark>
      <Placemark>
        <name>Aeroporto I</name>
        <description><![CDATA[Rua Guaimbé nº 301<br>Aeroporto I<br>CEP: 79103-180]]></description>
        <styleUrl>#icon-161-labelson</styleUrl>
        <Point>
          <coordinates>
            -54.680076,-20.446517,0
          </coordinates>
        </Point>
      </Placemark>
      <Placemark>
        <name>Aeroporto II</name>
        <description><![CDATA[Rua Itapeva nº 908<br>Aeroporto II<br>CEP: 79106-070]]></description>
        <styleUrl>#icon-161-labelson</styleUrl>
        <Point>
          <coordinates>
            -54.687228,-20.443484,0
          </coordinates>
        </Point>
      </Placemark>
      <Placemark>
        <name>Jardim Carioca</name>
        <description><![CDATA[Av. Sete esquina com Nara Leão nº 2012<br>Jd. Carioca<br>CEP: 79106-730]]></description>
        <styleUrl>#icon-161-labelson</styleUrl>
        <Point>
          <coordinates>
            -54.710838,-20.468028,0
          </coordinates>
        </Point>
      </Placemark>
      <Placemark>
        <name>Jardim Imá</name>
        <description><![CDATA[Rua Brasília nº 731<br>Jardim Imá<br>CEP: 79102-050]]></description>
        <styleUrl>#icon-161-labelson</styleUrl>
        <Point>
          <coordinates>
            -54.661683,-20.451349,0
          </coordinates>
        </Point>
      </Placemark>
      <Placemark>
        <name>Jardim Inápolis</name>
        <description><![CDATA[Rua Uba nº 236<br>Jardim Inápolis]]></description>
        <styleUrl>#icon-161-labelson</styleUrl>
        <Point>
          <coordinates>
            -54.743819,-20.47909,0
          </coordinates>
        </Point>
      </Placemark>
      <Placemark>
        <name>Popular</name>
        <description><![CDATA[Rua Antônio Sobreira nº 334<br>Vila Popular<br>CEP: 79106-790]]></description>
        <styleUrl>#icon-161-labelson</styleUrl>
        <Point>
          <coordinates>
            -54.701942,-20.449957,0
          </coordinates>
        </Point>
      </Placemark>
      <Placemark>
        <name>Santa Mônica</name>
        <description><![CDATA[Rua Filipe Pinheiro, lote 15 nº<br>Santa Mônica]]></description>
        <styleUrl>#icon-161-labelson</styleUrl>
        <Point>
          <coordinates>
            -54.7109915,-20.4568506,0
          </coordinates>
        </Point>
      </Placemark>
      <Placemark>
        <name>Serradinho</name>
        <description><![CDATA[Rua Eduardo Prado nº 282<br>Serradinho<br>CEP: 79104-040]]></description>
        <styleUrl>#icon-161-labelson</styleUrl>
        <Point>
          <coordinates>
            -54.681056,-20.456749,0
          </coordinates>
        </Point>
      </Placemark>
      <Placemark>
        <name>Bom Jardim</name>
        <description><![CDATA[Avenida Beira Rio nº 474<br>Bom Jardim]]></description>
        <styleUrl>#icon-167-labelson</styleUrl>
        <Point>
          <coordinates>
            -54.659262,-20.485874,0
          </coordinates>
        </Point>
      </Placemark>
      <Placemark>
        <name>Caiçara</name>
        <description><![CDATA[Rua Brilhante nº 3.923<br>Caiçara<br>CEP: 79005-250]]></description>
        <styleUrl>#icon-167-labelson</styleUrl>
        <Point>
          <coordinates>
            -54.646624,-20.487579,0
          </coordinates>
        </Point>
      </Placemark>
      <Placemark>
        <name>Guanandy</name>
        <description><![CDATA[Rua Jaime F. Barbosa nº 811<br>Guanandy<br>CEP: 79086-170]]></description>
        <styleUrl>#icon-167-labelson</styleUrl>
        <Point>
          <coordinates>
            -54.648973,-20.499426,0
          </coordinates>
        </Point>
      </Placemark>
      <Placemark>
        <name>Jacy</name>
        <description><![CDATA[Rua Guatemala nº 134<br>Jacy<br>CEP: 79006-331]]></description>
        <styleUrl>#icon-167-labelson</styleUrl>
        <Point>
          <coordinates>
            -54.637221,-20.491189,0
          </coordinates>
        </Point>
      </Placemark>
      <Placemark>
        <name>Portal das Laranjeiras</name>
        <description><![CDATA[Rua da Portela, 394<br>Tarumã<br>CEP: 79097-300]]></description>
        <styleUrl>#icon-167-labelson</styleUrl>
        <Point>
          <coordinates>
            -54.6773992,-20.5435668,0
          </coordinates>
        </Point>
      </Placemark>
      <Placemark>
        <name>União</name>
        <description><![CDATA[Rua José Garcia L. Filho nº 795<br>Conjunto União<br>CEP: 79091-440]]></description>
        <styleUrl>#icon-167-labelson</styleUrl>
        <Point>
          <coordinates>
            -54.663221,-20.477914,0
          </coordinates>
        </Point>
      </Placemark>
      <Placemark>
        <name>Caiobá I</name>
        <description><![CDATA[Rua Cassandra nº 540<br>Portal do Caiobá<br>CEP: 79096-050]]></description>
        <styleUrl>#icon-168-labelson</styleUrl>
        <Point>
          <coordinates>
            -54.68005,-20.522099,0
          </coordinates>
        </Point>
      </Placemark>
      <Placemark>
        <name>Caiobá II</name>
        <description><![CDATA[Rua Diógenes Inácio de Souza Qd. 11 Lt. 07 nº<br>Portal Caiobá II]]></description>
        <styleUrl>#icon-168-labelson</styleUrl>
        <Point>
          <coordinates>
            -54.6937,-20.515197,0
          </coordinates>
        </Point>
      </Placemark>
      <Placemark>
        <name>Rancho Alegre</name>
        <description><![CDATA[Rua Graveteiro nº 497<br>Rancho Alegre<br>CEP: 79096-144]]></description>
        <styleUrl>#icon-168-labelson</styleUrl>
        <Point>
          <coordinates>
            -54.682486,-20.515473,0
          </coordinates>
        </Point>
      </Placemark>
      <Placemark>
        <name>Santa Emília</name>
        <description><![CDATA[Rua Coronel Adauto Barbosa nº 187<br>Santa Emília<br>CEP: 79093-320]]></description>
        <styleUrl>#icon-168-labelson</styleUrl>
        <Point>
          <coordinates>
            -54.673608,-20.502791,0
          </coordinates>
        </Point>
      </Placemark>
      <Placemark>
        <name>São Conrado</name>
        <description><![CDATA[Rua Internacional nº 426<br>São Conrado<br>CEP: 79093-110]]></description>
        <styleUrl>#icon-168-labelson</styleUrl>
        <Point>
          <coordinates>
            -54.67622,-20.494239,0
          </coordinates>
        </Point>
      </Placemark>
      <Placemark>
        <name>São Jorge da Lagoa</name>
        <description><![CDATA[Rua Porto Rico nº 913<br>São Jorge da Lagoa<br>CEP: 79095-010]]></description>
        <styleUrl>#icon-168-labelson</styleUrl>
        <Point>
          <coordinates>
            -54.667563,-20.522907,0
          </coordinates>
        </Point>
      </Placemark>
      <Placemark>
        <name>Tijuca II</name>
        <description><![CDATA[Rua Imburus nº 545<br>Tijuca II<br>CEP: 79094-120]]></description>
        <styleUrl>#icon-168-labelson</styleUrl>
        <Point>
          <coordinates>
            -54.661404,-20.516908,0
          </coordinates>
        </Point>
      </Placemark>
      <Placemark>
        <name>Aero Rancho VII</name>
        <description><![CDATA[Rua Velereiro nº<br>Aero Rancho VII<br>CEP: 79085-010]]></description>
        <styleUrl>#icon-161-labelson</styleUrl>
        <Point>
          <coordinates>
            -54.661585,-20.535821,0
          </coordinates>
        </Point>
      </Placemark>
      <Placemark>
        <name>Colorado</name>
        <description><![CDATA[Rua Leonel Rocha nº s/ nº<br>Jardim Colorado]]></description>
        <styleUrl>#icon-161-labelson</styleUrl>
        <Point>
          <coordinates>
            -54.657997,-20.553818,0
          </coordinates>
        </Point>
      </Placemark>
      <Placemark>
        <name>Dom Antônio Barbosa</name>
        <description><![CDATA[Rua Adelaide Maia Figueiredo nº 1.140<br>Dom Antônio Barbosa]]></description>
        <styleUrl>#icon-161-labelson</styleUrl>
        <Point>
          <coordinates>
            -54.649395,-20.553389,0
          </coordinates>
        </Point>
      </Placemark>
      <Placemark>
        <name>Guaicurus</name>
        <description><![CDATA[Av. Guaicurus nº 7.474<br>Aymoré]]></description>
        <styleUrl>#icon-161-labelson</styleUrl>
        <Point>
          <coordinates>
            -54.642168,-20.537194,0
          </coordinates>
        </Point>
      </Placemark>
      <Placemark>
        <name>Jardim Pênfigo</name>
        <description><![CDATA[Rua João Teles nº 353<br>Jardim Pênfigo]]></description>
        <styleUrl>#icon-161-labelson</styleUrl>
        <Point>
          <coordinates>
            -54.664437,-20.551056,0
          </coordinates>
        </Point>
      </Placemark>
      <Placemark>
        <name>Parque do Sol</name>
        <description><![CDATA[Rua Segismundo Tavares Santana nº 537<br>Dom Antonio Barbosa<br>CEP: 79075-114]]></description>
        <styleUrl>#icon-161-labelson</styleUrl>
        <Point>
          <coordinates>
            -54.650502,-20.556968,0
          </coordinates>
        </Point>
      </Placemark>
      <Placemark>
        <name>Parque Lageado</name>
        <description><![CDATA[Rua Armando Franco nº 366<br>Parque do Lageado<br>CEP: 79075-070]]></description>
        <styleUrl>#icon-161-labelson</styleUrl>
        <Point>
          <coordinates>
            -54.645814,-20.549459,0
          </coordinates>
        </Point>
      </Placemark>
      <Placemark>
        <name>Vespasiano Martins</name>
        <description><![CDATA[Rua Luiz G. Ramos Arruda nº 314<br>Vespaziano Martins]]></description>
        <styleUrl>#icon-161-labelson</styleUrl>
        <Point>
          <coordinates>
            -54.636825,-20.553389,0
          </coordinates>
        </Point>
      </Placemark>
      <Placemark>
        <name>Aero Rancho I</name>
        <description><![CDATA[Rua Panorâmica nº 174<br>Aero Rancho I<br>CEP: 79083-700]]></description>
        <styleUrl>#icon-164-labelson</styleUrl>
        <Point>
          <coordinates>
            -54.653491,-20.527023,0
          </coordinates>
        </Point>
      </Placemark>
      <Placemark>
        <name>Aero Rancho IV</name>
        <description><![CDATA[Rua Evângelo Vavas nº 237<br>Aero Rancho IV<br>CEP: 79084-600]]></description>
        <styleUrl>#icon-164-labelson</styleUrl>
        <Point>
          <coordinates>
            -54.645552,-20.512282,0
          </coordinates>
        </Point>
      </Placemark>
      <Placemark>
        <name>Guanandy II</name>
        <description><![CDATA[Rua do Piano - Q. 11 - Lote 31 nº<br>Guanandy II]]></description>
        <styleUrl>#icon-164-labelson</styleUrl>
        <Point>
          <coordinates>
            -54.644217,-20.508095,0
          </coordinates>
        </Point>
      </Placemark>
      <Placemark>
        <name>Iracy Coelho</name>
        <description><![CDATA[Rua Pirassununga nº 229<br>Iracy Coelho<br>CEP: 79083-530]]></description>
        <styleUrl>#icon-164-labelson</styleUrl>
        <Point>
          <coordinates>
            -54.64735,-20.523691,0
          </coordinates>
        </Point>
      </Placemark>
      <Placemark>
        <name>Jardim Centenário</name>
        <description><![CDATA[Rua Morro do Chapéu nº 185<br>Jardim Centenário<br>CEP: 79076-080]]></description>
        <styleUrl>#icon-164-labelson</styleUrl>
        <Point>
          <coordinates>
            -54.653133,-20.535989,0
          </coordinates>
        </Point>
      </Placemark>
      <Placemark>
        <name>Jardim das Hortências</name>
        <description><![CDATA[Rua Flôr de Maio nº 25<br>Jardim das Hortências]]></description>
        <styleUrl>#icon-164-labelson</styleUrl>
        <Point>
          <coordinates>
            -54.643309,-20.513563,0
          </coordinates>
        </Point>
      </Placemark>
      <Placemark>
        <name>Paraty</name>
        <description><![CDATA[Rua Canutama nº 271<br>Conjunto Paraty<br>CEP: 79083-090]]></description>
        <styleUrl>#icon-164-labelson</styleUrl>
        <Point>
          <coordinates>
            -54.635924,-20.516968,0
          </coordinates>
        </Point>
      </Placemark>
      <Placemark>
        <name>Centro Oeste</name>
        <description><![CDATA[Rua Barão de Tefé nº 253<br>Centro Oeste<br>CEP: 79073-181]]></description>
        <styleUrl>#icon-168-labelson</styleUrl>
        <Point>
          <coordinates>
            -54.610076,-20.554146,0
          </coordinates>
        </Point>
      </Placemark>
      <Placemark>
        <name>Cohab</name>
        <description><![CDATA[Avenida da Ciência nº 412<br>Cohab<br>CEP: 79071-340]]></description>
        <styleUrl>#icon-168-labelson</styleUrl>
        <Point>
          <coordinates>
            -54.621026,-20.536508,0
          </coordinates>
        </Point>
      </Placemark>
      <Placemark>
        <name>Jardim Bálsamo</name>
        <description><![CDATA[Av. Marajoara nº s/ nº<br>Jardim Bálsamo]]></description>
        <styleUrl>#icon-168-labelson</styleUrl>
        <Point>
          <coordinates>
            -54.614159,-20.546866,0
          </coordinates>
        </Point>
      </Placemark>
      <Placemark>
        <name>Jardim das Nações</name>
        <description>Rua Kalil Abrão - Qd. 30 Lt. 50 nº</description>
        <styleUrl>#icon-168-labelson</styleUrl>
        <Point>
          <coordinates>
            -54.626192,-20.512025,0
          </coordinates>
        </Point>
      </Placemark>
      <Placemark>
        <name>Cristo Redentor</name>
        <description><![CDATA[Rua Tereza Garcez Paim nº s/nº<br>Jardim Cristo Redentor]]></description>
        <styleUrl>#icon-161-labelson</styleUrl>
        <Point>
          <coordinates>
            -54.563916,-20.497822,0
          </coordinates>
        </Point>
      </Placemark>
      <Placemark>
        <name>Jardim Los Angeles</name>
        <description><![CDATA[Rua Ciro Azevedo nº 47<br>Jardim Los Angeles<br>CEP: 79073-264]]></description>
        <styleUrl>#icon-168-labelson</styleUrl>
        <Point>
          <coordinates>
            -54.625817,-20.545312,0
          </coordinates>
        </Point>
      </Placemark>
      <Placemark>
        <name>Pioneira</name>
        <description><![CDATA[Rua Luis Pereira nº 971<br>Pioneira<br>CEP: 79070-125]]></description>
        <styleUrl>#icon-168-labelson</styleUrl>
        <Point>
          <coordinates>
            -54.610743,-20.518003,0
          </coordinates>
        </Point>
      </Placemark>
      <Placemark>
        <name>Macaúbas</name>
        <description><![CDATA[Rua Enéas Francisco Bello nº 423<br>Jardim das Macaúbas<br>CEP: 79033-100]]></description>
        <styleUrl>#icon-168-labelson</styleUrl>
        <Point>
          <coordinates>
            -54.620858,-20.547706,0
          </coordinates>
        </Point>
      </Placemark>
      <Placemark>
        <name>Uirapuru</name>
        <description><![CDATA[Trav. Pereira Barreto nº 32<br>Jardim Uirapurú<br>CEP: 79073-231]]></description>
        <styleUrl>#icon-168-labelson</styleUrl>
        <Point>
          <coordinates>
            -54.630559,-20.557257,0
          </coordinates>
        </Point>
      </Placemark>
      <Placemark>
        <name>Assentamento Fazendo Estrela</name>
        <description>Rodovia BR- 262</description>
        <styleUrl>#icon-161-labelson</styleUrl>
        <Point>
          <coordinates>
            -54.300299,-20.467498,0
          </coordinates>
        </Point>
      </Placemark>
      <Placemark>
        <name>Estrela Parque</name>
        <description><![CDATA[Rua Air Silva de Almeida nº 244 <br>Campo Grande - MS, 79042-872]]></description>
        <styleUrl>#icon-161-labelson</styleUrl>
        <Point>
          <coordinates>
            -54.560843,-20.485805,0
          </coordinates>
        </Point>
      </Placemark>
      <Placemark>
        <name>Jardim Noroeste</name>
        <description><![CDATA[R. Indianápolis, 2000 - Noroeste<br>Campo Grande - MS, 79045-120]]></description>
        <styleUrl>#icon-161-labelson</styleUrl>
        <Point>
          <coordinates>
            -54.533946,-20.461592,0
          </coordinates>
        </Point>
      </Placemark>
      <Placemark>
        <name>Jardim Paulista</name>
        <description><![CDATA[Rua Giocondo Orsi nº 154<br>Jardim paulista<br>CEP: 79050-270]]></description>
        <styleUrl>#icon-161-labelson</styleUrl>
        <Point>
          <coordinates>
            -54.605426,-20.487304,0
          </coordinates>
        </Point>
      </Placemark>
      <Placemark>
        <name>Leon Denizart</name>
        <description><![CDATA[Rua Vaz de Caminha Lt.01 Qd. 158 nº<br>Leon Denizart<br>CEP: 79.0045263]]></description>
        <styleUrl>#icon-161-labelson</styleUrl>
        <Point>
          <coordinates>
            -54.537754,-20.451466,0
          </coordinates>
        </Point>
      </Placemark>
      <Placemark>
        <name>Marcos Roberto</name>
        <description><![CDATA[Rua Ouro Verde nº 473<br>Marcos Roberto<br>CEP: 79080-260]]></description>
        <styleUrl>#icon-161-labelson</styleUrl>
        <Point>
          <coordinates>
            -54.628858,-20.486782,0
          </coordinates>
        </Point>
      </Placemark>
      <Placemark>
        <name>Maria Aparecida Pedrossian</name>
        <description><![CDATA[Rua João Francisco Damasceno nº 200<br>Maria Aparecida Pedrossian<br>CEP: 79044-450]]></description>
        <styleUrl>#icon-161-labelson</styleUrl>
        <Point>
          <coordinates>
            -54.551522,-20.470435,0
          </coordinates>
        </Point>
      </Placemark>
      <Placemark>
        <name>Vilas Boas</name>
        <description><![CDATA[Av. Nicomedes Rezende Vieira nº 406<br>Vilas Boas<br>CEP: 79051-250]]></description>
        <styleUrl>#icon-161-labelson</styleUrl>
        <Point>
          <coordinates>
            -54.59039,-20.481584,0
          </coordinates>
        </Point>
      </Placemark>
      <Placemark>
        <name>Parque Dallas</name>
        <description><![CDATA[Av. Nicomedes Rezende Vieira nº 800<br>Parque Dallas<br>CEP: 79051-250]]></description>
        <styleUrl>#icon-161-labelson</styleUrl>
        <Point>
          <coordinates>
            -54.58039,-20.490294,0
          </coordinates>
        </Point>
      </Placemark>
      <Placemark>
        <name>Piratininga</name>
        <description><![CDATA[Rua Voluntário da Pátria nº 171<br>Piratininga<br>CEP: 79081-110]]></description>
        <styleUrl>#icon-161-labelson</styleUrl>
        <Point>
          <coordinates>
            -54.624946,-20.496552,0
          </coordinates>
        </Point>
      </Placemark>
      <Placemark>
        <name>Rita Vieira</name>
        <description><![CDATA[Rua Rafael Nahas nº 762<br>Rita Vieira<br>CEP: 79052-050]]></description>
        <styleUrl>#icon-161-labelson</styleUrl>
        <Point>
          <coordinates>
            -54.570338,-20.499343,0
          </coordinates>
        </Point>
      </Placemark>
      <Placemark>
        <name>Tiradentes</name>
        <description><![CDATA[Rua Arabutã nº 08<br>Tiradentes<br>CEP: 79051-250]]></description>
        <styleUrl>#icon-161-labelson</styleUrl>
        <Point>
          <coordinates>
            -54.574795,-20.479339,0
          </coordinates>
        </Point>
      </Placemark>
      <Placemark>
        <name>Setor E</name>
        <styleUrl>#poly-FFDD5E-3000-148-nodesc</styleUrl>
        <Polygon>
          <outerBoundaryIs>
            <LinearRing>
              <tessellate>1</tessellate>
              <coordinates>
                -54.6304768,-20.4977976,0
                -54.6299726,-20.5003356,0
                -54.6297151,-20.5027976,0
                -54.6265822,-20.5017625,0
                -54.6255737,-20.5016218,0
                -54.62493,-20.5016218,0
                -54.6242648,-20.5017223,0
                -54.6232992,-20.5017625,0
                -54.6224624,-20.5017424,0
                -54.6218616,-20.5016017,0
                -54.6214753,-20.5015816,0
                -54.6207887,-20.5015615,0
                -54.619587,-20.5014409,0
                -54.6187287,-20.5013404,0
                -54.6180046,-20.5013707,0
                -54.6178704,-20.5009787,0
                -54.6156817,-20.496376,0
                -54.6151024,-20.4951298,0
                -54.6147162,-20.4948283,0
                -54.6138793,-20.4950494,0
                -54.6130639,-20.4949489,0
                -54.6126991,-20.4950695,0
                -54.6126348,-20.4957328,0
                -54.6123129,-20.4963559,0
                -54.611991,-20.4968383,0
                -54.6113044,-20.4974614,0
                -54.6104461,-20.4980643,0
                -54.6088153,-20.4991095,0
                -54.6076566,-20.5000541,0
                -54.6067124,-20.5009184,0
                -54.6062833,-20.5013605,0
                -54.6059829,-20.5019032,0
                -54.6054679,-20.5027473,0
                -54.6051675,-20.5028076,0
                -54.6048885,-20.5027071,0
                -54.6043306,-20.5023253,0
                -54.60388,-20.501863,0
                -54.6034294,-20.5014208,0
                -54.6027696,-20.5008832,0
                -54.6024424,-20.5006747,0
                -54.602024,-20.5004913,0
                -54.6013292,-20.500235,0
                -54.6007874,-20.5001295,0
                -54.6002832,-20.5001144,0
                -54.5994598,-20.5001446,0
                -54.5974321,-20.5002501,0
                -54.5966273,-20.5002827,0
                -54.5963538,-20.5003054,0
                -54.5962196,-20.5003054,0
                -54.5960458,-20.5003207,0
                -54.5958817,-20.5003381,0
                -54.5957074,-20.5003355,0
                -54.5955705,-20.5003229,0
                -54.5953881,-20.5002979,0
                -54.5942563,-20.4998079,0
                -54.5937627,-20.4995517,0
                -54.5935428,-20.4994562,0
                -54.5933229,-20.4993155,0
                -54.592411,-20.4987829,0
                -54.591263,-20.4981246,0
                -54.5895034,-20.4971598,0
                -54.5877653,-20.4961951,0
                -54.5866495,-20.4954917,0
                -54.5857697,-20.4950193,0
                -54.5847612,-20.4950293,0
                -54.5845896,-20.494748,0
                -54.5842677,-20.4944465,0
                -54.5815855,-20.4942053,0
                -54.5805341,-20.4940344,0
                -54.5797294,-20.4937932,0
                -54.5789355,-20.4934817,0
                -54.5779377,-20.4929088,0
                -54.5772189,-20.4923862,0
                -54.576146,-20.4920345,0
                -54.5749873,-20.4918938,0
                -54.5744616,-20.491733,0
                -54.5738822,-20.4913411,0
                -54.5708138,-20.4954665,0
                -54.5682603,-20.4938033,0
                -54.5671231,-20.4929691,0
                -54.5663184,-20.4925119,0
                -54.5663291,-20.4918938,0
                -54.569462,-20.4888587,0
                -54.5701244,-20.4880309,0
                -54.5686465,-20.4866376,0
                -54.5650619,-20.4865319,0
                -54.5640737,-20.4861599,0
                -54.5641357,-20.4850742,0
                -54.5640881,-20.4843097,0
                -54.5669755,-20.4842883,0
                -54.5671109,-20.4841495,0
                -54.5672491,-20.4841037,0
                -54.5676327,-20.4837858,0
                -54.5678359,-20.4835798,0
                -54.5680846,-20.4833713,0
                -54.5682174,-20.4832305,0
                -54.5684561,-20.4830421,0
                -54.5683623,-20.4829968,0
                -54.5683086,-20.4829315,0
                -54.5682496,-20.4829466,0
                -54.5667797,-20.4841351,0
                -54.5639259,-20.4840547,0
                -54.5591837,-20.483733,0
                -54.5594465,-20.4709785,0
                -54.5595217,-20.4691592,0
                -54.5594788,-20.468335,0
                -54.5593286,-20.4674906,0
                -54.5590577,-20.4667418,0
                -54.5586312,-20.4660432,0
                -54.5581537,-20.4654879,0
                -54.5575208,-20.4649728,0
                -54.5558793,-20.4638419,0
                -54.557671,-20.4634097,0
                -54.5583817,-20.4632463,0
                -54.5583415,-20.4630327,0
                -54.5582228,-20.4627885,0
                -54.5568961,-20.4621232,0
                -54.5565922,-20.4618867,0
                -54.5564062,-20.4615899,0
                -54.556324,-20.4612075,0
                -54.5563544,-20.4608401,0
                -54.5565136,-20.4604828,0
                -54.5575261,-20.45864,0
                -54.5617586,-20.4600322,0
                -54.5620805,-20.4601528,0
                -54.5625096,-20.4600925,0
                -54.5627671,-20.4599719,0
                -54.563089,-20.4596502,0
                -54.5631963,-20.4593889,0
                -54.5634779,-20.4574388,0
                -54.5636308,-20.4554635,0
                -54.5636523,-20.4552222,0
                -54.5636872,-20.4549181,0
                -54.5638615,-20.4550865,0
                -54.5719296,-20.456514,0
                -54.6084505,-20.462706,0
                -54.6068197,-20.4704457,0
                -54.6072703,-20.4704658,0
                -54.6076566,-20.470486,0
                -54.6080857,-20.470486,0
                -54.6083432,-20.4706267,0
                -54.6158105,-20.4806576,0
                -54.6155315,-20.4824466,0
                -54.6265608,-20.4762754,0
                -54.6269685,-20.4776021,0
                -54.6272689,-20.478768,0
                -54.6274406,-20.479552,0
                -54.6275908,-20.4814214,0
                -54.6276551,-20.4819239,0
                -54.6277839,-20.4824064,0
                -54.6279555,-20.4827682,0
                -54.6281487,-20.4832305,0
                -54.628492,-20.4835923,0
                -54.6288353,-20.4838938,0
                -54.6292645,-20.4840748,0
                -54.6298867,-20.4841954,0
                -54.6304446,-20.4843361,0
                -54.6309382,-20.4844567,0
                -54.6313244,-20.4846376,0
                -54.6316248,-20.484919,0
                -54.6348005,-20.490929,0
                -54.635337,-20.4918134,0
                -54.6356803,-20.4923963,0
                -54.6360022,-20.4928586,0
                -54.6364313,-20.4932204,0
                -54.6374184,-20.494145,0
                -54.6382767,-20.4949087,0
                -54.6385127,-20.4952102,0
                -54.6388131,-20.4957127,0
                -54.6390277,-20.496376,0
                -54.6392423,-20.4971197,0
                -54.6375684,-20.498627,0
                -54.6333629,-20.4980442,0
                -54.6304768,-20.4977976,0
              </coordinates>
            </LinearRing>
          </outerBoundaryIs>
        </Polygon>
      </Placemark>
      <Placemark>
        <name>SETOR N</name>
        <styleUrl>#poly-62AF44-3000-140-nodesc</styleUrl>
        <Polygon>
          <outerBoundaryIs>
            <LinearRing>
              <tessellate>1</tessellate>
              <coordinates>
                -54.5401481,-20.4505893,0
                -54.540663,-20.4508507,0
                -54.5425084,-20.451112,0
                -54.5446971,-20.4515543,0
                -54.5479659,-20.4518743,0
                -54.5476717,-20.4537759,0
                -54.5494781,-20.4550677,0
                -54.5508212,-20.4559849,0
                -54.5539696,-20.457459,0
                -54.5519069,-20.4615463,0
                -54.5555976,-20.4640391,0
                -54.5560697,-20.4643608,0
                -54.5567563,-20.464803,0
                -54.5570997,-20.4650845,0
                -54.5580438,-20.4657077,0
                -54.5585588,-20.4663108,0
                -54.5590952,-20.467135,0
                -54.5593527,-20.4678989,0
                -54.55946,-20.4687634,0
                -54.55946,-20.4731659,0
                -54.5593741,-20.4742715,0
                -54.5593741,-20.4758395,0
                -54.5593714,-20.4759123,0
                -54.5593607,-20.4759261,0
                -54.5593594,-20.4759462,0
                -54.5593621,-20.4759663,0
                -54.5593634,-20.4759802,0
                -54.5593621,-20.4759991,0
                -54.5593581,-20.4760079,0
                -54.5593567,-20.4760594,0
                -54.559358,-20.4760932,0
                -54.5593567,-20.4761134,0
                -54.5593594,-20.4761347,0
                -54.5593527,-20.4761762,0
                -54.5593568,-20.4762491,0
                -54.5593527,-20.476352,0
                -54.5593741,-20.4766335,0
                -54.5593795,-20.4767642,0
                -54.5593688,-20.4768748,0
                -54.5593741,-20.47694,0
                -54.5593742,-20.477322,0
                -54.5593795,-20.4775481,0
                -54.5593742,-20.4780858,0
                -54.5593474,-20.4785683,0
                -54.5593527,-20.480503,0
                -54.5592454,-20.484081,0
                -54.5594815,-20.4841313,0
                -54.5603719,-20.4841514,0
                -54.5615736,-20.4842217,0
                -54.5629254,-20.4843223,0
                -54.5639661,-20.4843926,0
                -54.5639768,-20.4865735,0
                -54.5641324,-20.4865585,0
                -54.5643631,-20.4865534,0
                -54.5644918,-20.4866037,0
                -54.5646206,-20.4867444,0
                -54.5648781,-20.4867142,0
                -54.5650497,-20.4867193,0
                -54.5651409,-20.4867846,0
                -54.5652321,-20.4867343,0
                -54.5685151,-20.4867142,0
                -54.5689014,-20.4869956,0
                -54.5702317,-20.4881213,0
                -54.5662621,-20.4919403,0
                -54.566305,-20.4927242,0
                -54.5710901,-20.4958597,0
                -54.5713583,-20.4952768,0
                -54.5717338,-20.4946437,0
                -54.5740512,-20.4917092,0
                -54.5745233,-20.4919604,0
                -54.5749095,-20.4921714,0
                -54.5755103,-20.4923021,0
                -54.5761541,-20.4923624,0
                -54.5768622,-20.4925332,0
                -54.5774791,-20.492689,0
                -54.5780102,-20.4931563,0
                -54.5782998,-20.4933975,0
                -54.5787612,-20.4936488,0
                -54.5793727,-20.4939302,0
                -54.5800594,-20.4941915,0
                -54.5805851,-20.4943523,0
                -54.5810571,-20.4944829,0
                -54.582291,-20.4946035,0
                -54.5832673,-20.494704,0
                -54.5844475,-20.4947744,0
                -54.5845655,-20.4948749,0
                -54.5848498,-20.4950508,0
                -54.5779458,-20.5074265,0
                -54.5709935,-20.5033767,0
                -54.5698455,-20.5027336,0
                -54.5689657,-20.5024421,0
                -54.568322,-20.5022914,0
                -54.5677748,-20.502211,0
                -54.5669809,-20.5022612,0
                -54.5664016,-20.5023316,0
                -54.5640841,-20.5026632,0
                -54.5622173,-20.5029546,0
                -54.5602217,-20.503226,0
                -54.5586446,-20.5033968,0
                -54.5580223,-20.5033566,0
                -54.5566061,-20.502814,0
                -54.5563057,-20.503236,0
                -54.5549753,-20.5027336,0
                -54.5539454,-20.5019698,0
                -54.5530871,-20.5011659,0
                -54.5524004,-20.5002614,0
                -54.5518425,-20.4989349,0
                -54.5515636,-20.4974878,0
                -54.5513919,-20.4945332,0
                -54.5513061,-20.4921011,0
                -54.550319,-20.490473,0
                -54.5459417,-20.4863524,0
                -54.5460275,-20.4861112,0
                -54.5466498,-20.4848449,0
                -54.5471004,-20.4833976,0
                -54.5471862,-20.4816689,0
                -54.549332,-20.480704,0
                -54.5492247,-20.478714,0
                -54.5490316,-20.4779702,0
                -54.5474866,-20.4782316,0
                -54.5470575,-20.475558,0
                -54.546049,-20.475759,0
                -54.5462635,-20.4769652,0
                -54.5453409,-20.4774476,0
                -54.5460275,-20.4786336,0
                -54.5428947,-20.4808046,0
                -54.5398262,-20.4763219,0
                -54.5393542,-20.4767239,0
                -54.5391181,-20.4763822,0
                -54.5361355,-20.4781914,0
                -54.5349983,-20.4788346,0
                -54.5338181,-20.4792567,0
                -54.5322088,-20.4799402,0
                -54.5312001,-20.4803422,0
                -54.5300414,-20.4807644,0
                -54.5304277,-20.4725427,0
                -54.5327452,-20.4714169,0
                -54.5336893,-20.4714772,0
                -54.5349983,-20.4714973,0
                -54.5343331,-20.4689041,0
                -54.5327881,-20.4689644,0
                -54.5279171,-20.468683,0
                -54.524956,-20.4686227,0
                -54.5234325,-20.4685623,0
                -54.5209648,-20.4686428,0
                -54.5166089,-20.4687232,0
                -54.516802,-20.4649639,0
                -54.5180251,-20.4613251,0
                -54.5230033,-20.4574651,0
                -54.5235398,-20.4548917,0
                -54.520643,-20.4545499,0
                -54.5208575,-20.4535045,0
                -54.521158,-20.4518559,0
                -54.5220163,-20.4465681,0
                -54.5255568,-20.44693,0
                -54.5299985,-20.4474327,0
                -54.5347837,-20.4477745,0
                -54.5350197,-20.4480158,0
                -54.5375732,-20.4501871,0
                -54.5401481,-20.4505893,0
              </coordinates>
            </LinearRing>
          </outerBoundaryIs>
        </Polygon>
      </Placemark>
      <Placemark>
        <name>São Conrado II</name>
        <description><![CDATA[Rua Panambi Vera, 3.728<br>São Conrado II]]></description>
        <styleUrl>#icon-168-labelson</styleUrl>
        <Point>
          <coordinates>
            -54.6615744,-20.5048527,0
          </coordinates>
        </Point>
      </Placemark>
      <Placemark>
        <name>Tancredo Neves</name>
        <description><![CDATA[Av. Tancredo Neves, 786<br>Aero Rancho IV]]></description>
        <styleUrl>#icon-164-labelson</styleUrl>
        <Point>
          <coordinates>
            -54.6443895,-20.5132711,0
          </coordinates>
        </Point>
      </Placemark>
      <Placemark>
        <name>Nova Esperança</name>
        <description><![CDATA[Rua Boituva, 834<br>Vila Esperança]]></description>
        <styleUrl>#icon-164-labelson</styleUrl>
        <Point>
          <coordinates>
            -54.6326923,-20.5031343,0
          </coordinates>
        </Point>
      </Placemark>
    </Folder>
    <Folder>
      <name>Camada sem título</name>
    </Folder>
  </Document>
</kml>
