{"type":"FeatureCollection","features":[{"type":"Feature","properties":{"nome":"Residencial Botafogo","osm_id":"relation/4761789","area_km2":0.139},"geometry":{"type":"Polygon","coordinates":[[[-54.624505,-20.524269],[-54.624189,-20.524083],[-54.624226,-20.523899],[-54.625389,-20.521413],[-54.628512,-20.523136],[-54.62695,-20.526479],[-54.625097,-20.525467],[-54.625484,-20.524841],[-54.624505,-20.524269]]]}},{"type":"Feature","properties":{"nome":"Monte Castelo","osm_id":"relation/5310492","area_km2":3.055},"geometry":{"type":"Polygon","coordinates":[[[-54.600177,-20.415912],[-54.600715,-20.415835],[-54.601295,-20.415964],[-54.601739,-20.415923],[-54.602635,-20.41608],[-54.603262,-20.416073],[-54.603549,-20.41597],[-54.603863,-20.416151],[-54.604303,-20.416223],[-54.604523,-20.416171],[-54.604722,-20.416269],[-54.605283,-20.416187],[-54.605559,-20.416058],[-54.606126,-20.416068],[-54.606726,-20.416352],[-54.606903,-20.416579],[-54.60736,-20.416713],[-54.607536,-20.416879],[-54.607722,-20.416918],[-54.607979,-20.41725],[-54.608325,-20.41751],[-54.608518,-20.417819],[-54.609168,-20.418303],[-54.609576,-20.418968],[-54.609887,-20.419235],[-54.610155,-20.420032],[-54.610559,-20.420612],[-54.611404,-20.421419],[-54.61204,-20.421685],[-54.612033,-20.422212],[-54.612272,-20.422697],[-54.612289,-20.422969],[-54.612519,-20.423369],[-54.612862,-20.423576],[-54.613117,-20.423993],[-54.61381,-20.424802],[-54.614114,-20.425443],[-54.614302,-20.426154],[-54.614671,-20.42684],[-54.61583,-20.427816],[-54.61588,-20.428017],[-54.616684,-20.429202],[-54.618395,-20.431259],[-54.618415,-20.43207],[-54.618592,-20.432786],[-54.618595,-20.433151],[-54.619012,-20.434438],[-54.619035,-20.435164],[-54.619125,-20.43548],[-54.619377,-20.435872],[-54.619771,-20.437255],[-54.618478,-20.437429],[-54.617525,-20.43743],[-54.609281,-20.435959],[-54.604336,-20.434891],[-54.605212,-20.432113],[-54.602323,-20.42726],[-54.601869,-20.426963],[-54.597304,-20.424904],[-54.599989,-20.416861],[-54.600177,-20.415912]]]}},{"type":"Feature","properties":{"nome":"Coronel Antonino","osm_id":"relation/5311324","area_km2":4.688},"geometry":{"type":"Polygon","coordinates":[[[-54.577105,-20.404971],[-54.577582,-20.405398],[-54.577808,-20.405524],[-54.578039,-20.405496],[-54.578612,-20.406248],[-54.579738,-20.406217],[-54.580184,-20.406653],[-54.580652,-20.406885],[-54.581084,-20.406944],[-54.581679,-20.407269],[-54.582006,-20.407297],[-54.582083,-20.407426],[-54.582353,-20.407292],[-54.582601,-20.407465],[-54.582912,-20.407491],[-54.582956,-20.407594],[-54.583333,-20.407677],[-54.583515,-20.407586],[-54.583732,-20.407646],[-54.583969,-20.407839],[-54.584666,-20.408097],[-54.585175,-20.408255],[-54.585499,-20.408241],[-54.585761,-20.408589],[-54.586022,-20.408661],[-54.586421,-20.408641],[-54.586618,-20.408949],[-54.587105,-20.409373],[-54.587987,-20.409962],[-54.588257,-20.410019],[-54.588659,-20.410259],[-54.588841,-20.410424],[-54.588848,-20.410643],[-54.589563,-20.410987],[-54.589887,-20.411609],[-54.590109,-20.411722],[-54.590261,-20.411981],[-54.591074,-20.412554],[-54.591164,-20.412746],[-54.591783,-20.413234],[-54.592192,-20.41341],[-54.59241,-20.413607],[-54.593534,-20.413971],[-54.593849,-20.414186],[-54.595353,-20.414658],[-54.595847,-20.414941],[-54.596084,-20.414963],[-54.597972,-20.415757],[-54.598301,-20.415842],[-54.598814,-20.415709],[-54.600177,-20.415912],[-54.599989,-20.416861],[-54.597304,-20.424904],[-54.601869,-20.426963],[-54.602323,-20.42726],[-54.605212,-20.432113],[-54.604336,-20.434891],[-54.592926,-20.432331],[-54.590092,-20.429367],[-54.584848,-20.423574],[-54.584641,-20.423245],[-54.582789,-20.421242],[-54.579458,-20.417394],[-54.579091,-20.4171],[-54.573062,-20.410364],[-54.576345,-20.404313],[-54.577105,-20.404971]]]}},{"type":"Feature","properties":{"nome":"Mata do Segredo","osm_id":"relation/5311614","area_km2":11.963},"geometry":{"type":"Polygon","coordinates":[[[-54.577105,-20.404971],[-54.576345,-20.404313],[-54.582049,-20.392347],[-54.584046,-20.387794],[-54.584324,-20.387563],[-54.585217,-20.385878],[-54.58584,-20.384364],[-54.587012,-20.381906],[-54.587321,-20.381485],[-54.591848,-20.377567],[-54.600989,-20.382401],[-54.602465,-20.382895],[-54.603079,-20.385151],[-54.604314,-20.386133],[-54.60499,-20.38634],[-54.605169,-20.386275],[-54.605267,-20.386321],[-54.605466,-20.386587],[-54.605527,-20.386824],[-54.605646,-20.386841],[-54.607678,-20.386019],[-54.608132,-20.385966],[-54.612823,-20.38745],[-54.615056,-20.394449],[-54.614942,-20.394403],[-54.613938,-20.396346],[-54.615548,-20.40148],[-54.612564,-20.411946],[-54.612616,-20.412323],[-54.614131,-20.415474],[-54.614176,-20.415722],[-54.614057,-20.416055],[-54.611994,-20.419557],[-54.611533,-20.421475],[-54.610843,-20.420924],[-54.610298,-20.420281],[-54.610052,-20.419816],[-54.609887,-20.419235],[-54.609576,-20.418968],[-54.609168,-20.418303],[-54.608518,-20.417819],[-54.608325,-20.41751],[-54.607979,-20.41725],[-54.607843,-20.417013],[-54.60736,-20.416713],[-54.606903,-20.416579],[-54.606616,-20.41629],[-54.606126,-20.416068],[-54.605559,-20.416058],[-54.605283,-20.416187],[-54.604722,-20.416269],[-54.604523,-20.416171],[-54.604303,-20.416223],[-54.603863,-20.416151],[-54.603549,-20.41597],[-54.603262,-20.416073],[-54.602635,-20.41608],[-54.601739,-20.415923],[-54.601295,-20.415964],[-54.600715,-20.415835],[-54.600177,-20.415912],[-54.598814,-20.415709],[-54.598301,-20.415842],[-54.596084,-20.414963],[-54.595847,-20.414941],[-54.595353,-20.414658],[-54.593849,-20.414186],[-54.593534,-20.413971],[-54.59241,-20.413607],[-54.592192,-20.41341],[-54.591783,-20.413234],[-54.591164,-20.412746],[-54.591074,-20.412554],[-54.590261,-20.411981],[-54.590109,-20.411722],[-54.589887,-20.411609],[-54.589563,-20.410987],[-54.588848,-20.410643],[-54.588841,-20.410424],[-54.588659,-20.410259],[-54.588257,-20.410019],[-54.587987,-20.409962],[-54.587105,-20.409373],[-54.586618,-20.408949],[-54.586421,-20.408641],[-54.586022,-20.408661],[-54.585761,-20.408589],[-54.585499,-20.408241],[-54.585175,-20.408255],[-54.584666,-20.408097],[-54.583969,-20.407839],[-54.583732,-20.407646],[-54.583515,-20.407586],[-54.583333,-20.407677],[-54.582956,-20.407594],[-54.582912,-20.407491],[-54.582601,-20.407465],[-54.582353,-20.407292],[-54.582083,-20.407426],[-54.582006,-20.407297],[-54.581679,-20.407269],[-54.581084,-20.406944],[-54.580652,-20.406885],[-54.580184,-20.406653],[-54.579738,-20.406217],[-54.578612,-20.406248],[-54.578039,-20.405496],[-54.577808,-20.405524],[-54.577582,-20.405398],[-54.577105,-20.404971]]]}},{"type":"Feature","properties":{"nome":"Nova Lima","osm_id":"relation/5312583","area_km2":12.401},"geometry":{"type":"Polygon","coordinates":[[[-54.574319,-20.3754],[-54.574749,-20.374527],[-54.577309,-20.375636],[-54.581995,-20.377492],[-54.588611,-20.380369],[-54.587204,-20.381596],[-54.587012,-20.381906],[-54.58584,-20.384364],[-54.585217,-20.385878],[-54.584324,-20.387563],[-54.584046,-20.387794],[-54.582049,-20.392347],[-54.577104,-20.402819],[-54.573062,-20.410364],[-54.565912,-20.402405],[-54.564253,-20.400422],[-54.5622,-20.398322],[-54.559548,-20.395339],[-54.55909,-20.395006],[-54.558508,-20.394891],[-54.555277,-20.392086],[-54.541412,-20.383037],[-54.540329,-20.381991],[-54.537568,-20.377943],[-54.537816,-20.377741],[-54.537928,-20.377405],[-54.537907,-20.377088],[-54.538242,-20.377144],[-54.538394,-20.377302],[-54.538558,-20.377197],[-54.538379,-20.376719],[-54.538592,-20.376054],[-54.539017,-20.375766],[-54.538889,-20.375577],[-54.539018,-20.375085],[-54.53916,-20.374934],[-54.539552,-20.374817],[-54.539661,-20.37441],[-54.539933,-20.374119],[-54.539645,-20.373863],[-54.539589,-20.373722],[-54.539831,-20.373325],[-54.539963,-20.372837],[-54.540222,-20.372622],[-54.540222,-20.37236],[-54.540378,-20.372247],[-54.540537,-20.371841],[-54.54055,-20.37157],[-54.54164,-20.370692],[-54.541791,-20.370308],[-54.542158,-20.369852],[-54.542164,-20.369573],[-54.541929,-20.369216],[-54.558281,-20.370806],[-54.558633,-20.370922],[-54.560162,-20.369408],[-54.565354,-20.370799],[-54.565395,-20.370879],[-54.569021,-20.371952],[-54.5726,-20.373597],[-54.57217,-20.374469],[-54.574319,-20.3754]]]}},{"type":"Feature","properties":{"nome":"Novos Estados","osm_id":"relation/5316116","area_km2":7.405},"geometry":{"type":"Polygon","coordinates":[[[-54.537639,-20.37803],[-54.540329,-20.381991],[-54.541412,-20.383037],[-54.555277,-20.392086],[-54.558508,-20.394891],[-54.55909,-20.395006],[-54.559548,-20.395339],[-54.5622,-20.398322],[-54.564253,-20.400422],[-54.565912,-20.402405],[-54.573062,-20.410364],[-54.570015,-20.415757],[-54.56243,-20.429624],[-54.559379,-20.426151],[-54.560396,-20.425367],[-54.557307,-20.42184],[-54.556285,-20.422627],[-54.553376,-20.419235],[-54.548848,-20.421248],[-54.548766,-20.422216],[-54.548547,-20.422257],[-54.547931,-20.422167],[-54.547751,-20.422316],[-54.54731,-20.422358],[-54.547232,-20.422435],[-54.546791,-20.422519],[-54.545945,-20.423015],[-54.54544,-20.422907],[-54.544885,-20.423002],[-54.544419,-20.423232],[-54.543018,-20.42323],[-54.542712,-20.423431],[-54.542273,-20.423352],[-54.54218,-20.423583],[-54.541922,-20.423598],[-54.541251,-20.423094],[-54.540988,-20.423024],[-54.540122,-20.42211],[-54.539732,-20.422001],[-54.539489,-20.421613],[-54.543242,-20.420061],[-54.554315,-20.39503],[-54.550806,-20.392694],[-54.550659,-20.392755],[-54.53561,-20.383033],[-54.535728,-20.382877],[-54.535875,-20.382336],[-54.536093,-20.382213],[-54.535931,-20.38199],[-54.535977,-20.3819],[-54.536596,-20.381486],[-54.536562,-20.381407],[-54.536354,-20.381424],[-54.536308,-20.381339],[-54.536693,-20.381211],[-54.536873,-20.380669],[-54.537029,-20.380506],[-54.536798,-20.379996],[-54.536565,-20.379904],[-54.536635,-20.379722],[-54.536864,-20.379544],[-54.536954,-20.379281],[-54.537116,-20.379153],[-54.536902,-20.378793],[-54.537116,-20.378665],[-54.537134,-20.378439],[-54.537368,-20.378077],[-54.537568,-20.377943],[-54.537639,-20.37803]]]}},{"type":"Feature","properties":{"nome":"Nova São Bento","osm_id":"relation/5316873","area_km2":0.06},"geometry":{"type":"Polygon","coordinates":[[[-54.606726,-20.475226],[-54.606299,-20.477007],[-54.603426,-20.478203],[-54.6039,-20.476193],[-54.6068,-20.474958],[-54.606726,-20.475226]]]}},{"type":"Feature","properties":{"nome":"Vila Bartíria","osm_id":"relation/5316874","area_km2":0.028},"geometry":{"type":"Polygon","coordinates":[[[-54.615125,-20.46713],[-54.614913,-20.468414],[-54.613076,-20.468326],[-54.613321,-20.467008],[-54.615125,-20.46713]]]}},{"type":"Feature","properties":{"nome":"Vila Castelo","osm_id":"relation/5316875","area_km2":0.133},"geometry":{"type":"Polygon","coordinates":[[[-54.607492,-20.47317],[-54.60724,-20.473127],[-54.607882,-20.470556],[-54.608124,-20.468528],[-54.609735,-20.468041],[-54.609665,-20.469119],[-54.610022,-20.470394],[-54.610335,-20.470445],[-54.610285,-20.470713],[-54.610861,-20.470723],[-54.610827,-20.4709],[-54.610267,-20.470807],[-54.610062,-20.471894],[-54.609768,-20.472457],[-54.610476,-20.473392],[-54.610248,-20.473645],[-54.607492,-20.47317]]]}},{"type":"Feature","properties":{"nome":"Vila Eva","osm_id":"relation/5316876","area_km2":0.027},"geometry":{"type":"Polygon","coordinates":[[[-54.614847,-20.470453],[-54.6152,-20.46844],[-54.616274,-20.468495],[-54.615847,-20.470808],[-54.614847,-20.470453]]]}},{"type":"Feature","properties":{"nome":"Vila Fortuna","osm_id":"relation/5316877","area_km2":0.029},"geometry":{"type":"Polygon","coordinates":[[[-54.61583,-20.470941],[-54.616274,-20.468495],[-54.617261,-20.468715],[-54.616861,-20.471124],[-54.61583,-20.470941]]]}},{"type":"Feature","properties":{"nome":"Vila Gaspar","osm_id":"relation/5316878","area_km2":0.026},"geometry":{"type":"Polygon","coordinates":[[[-54.611579,-20.470248],[-54.611884,-20.468483],[-54.613076,-20.468326],[-54.612721,-20.470441],[-54.611579,-20.470248]]]}},{"type":"Feature","properties":{"nome":"Vila Glória","osm_id":"relation/5316879","area_km2":0.276},"geometry":{"type":"Polygon","coordinates":[[[-54.616861,-20.471124],[-54.617261,-20.468715],[-54.618225,-20.46888],[-54.61675,-20.476568],[-54.614035,-20.475753],[-54.61406,-20.475622],[-54.612358,-20.474992],[-54.612722,-20.474097],[-54.612537,-20.474066],[-54.612611,-20.47367],[-54.612886,-20.473716],[-54.613128,-20.473058],[-54.613977,-20.47321],[-54.614024,-20.472962],[-54.613217,-20.472817],[-54.614221,-20.47025],[-54.615847,-20.470808],[-54.61583,-20.470941],[-54.616861,-20.471124]]]}},{"type":"Feature","properties":{"nome":"Vila Oriente","osm_id":"relation/5316880","area_km2":0.041},"geometry":{"type":"Polygon","coordinates":[[[-54.614561,-20.470333],[-54.614051,-20.470202],[-54.613965,-20.470399],[-54.612748,-20.470269],[-54.613076,-20.468326],[-54.614913,-20.468414],[-54.614561,-20.470333]]]}},{"type":"Feature","properties":{"nome":"Vila Ornelas","osm_id":"relation/5316881","area_km2":0.077},"geometry":{"type":"Polygon","coordinates":[[[-54.612748,-20.470269],[-54.613965,-20.470399],[-54.614051,-20.470202],[-54.614221,-20.47025],[-54.613217,-20.472817],[-54.614024,-20.472962],[-54.613977,-20.47321],[-54.613128,-20.473058],[-54.612886,-20.473716],[-54.612611,-20.47367],[-54.612537,-20.474066],[-54.611243,-20.473816],[-54.611304,-20.473492],[-54.612082,-20.473621],[-54.612337,-20.47227],[-54.611214,-20.47204],[-54.611579,-20.470248],[-54.612721,-20.470441],[-54.612748,-20.470269]]]}},{"type":"Feature","properties":{"nome":"Vila Ornelas","osm_id":"relation/5316882","area_km2":0.007},"geometry":{"type":"Polygon","coordinates":[[[-54.612015,-20.47398],[-54.612722,-20.474097],[-54.612358,-20.474992],[-54.611856,-20.474828],[-54.612015,-20.47398]]]}},{"type":"Feature","properties":{"nome":"Vila Santa Filomena","osm_id":"relation/5316883","area_km2":0.015},"geometry":{"type":"Polygon","coordinates":[[[-54.611214,-20.47204],[-54.610062,-20.471894],[-54.610267,-20.470807],[-54.611452,-20.470979],[-54.611214,-20.47204]]]}},{"type":"Feature","properties":{"nome":"Vila Sol Nascente","osm_id":"relation/5316884","area_km2":0.039},"geometry":{"type":"Polygon","coordinates":[[[-54.610285,-20.470713],[-54.610335,-20.470445],[-54.610022,-20.470394],[-54.609665,-20.469119],[-54.609735,-20.468041],[-54.609956,-20.46798],[-54.610161,-20.46804],[-54.610868,-20.468606],[-54.610988,-20.468608],[-54.610889,-20.469181],[-54.611146,-20.469231],[-54.611384,-20.470215],[-54.611579,-20.470248],[-54.611487,-20.470726],[-54.610285,-20.470713]]]}},{"type":"Feature","properties":{"nome":"Vila São Miguel","osm_id":"relation/5316885","area_km2":0.014},"geometry":{"type":"Polygon","coordinates":[[[-54.609768,-20.472457],[-54.610062,-20.471894],[-54.611214,-20.47204],[-54.610897,-20.472786],[-54.610476,-20.473392],[-54.609768,-20.472457]]]}},{"type":"Feature","properties":{"nome":"Vila Taveira","osm_id":"relation/5316886","area_km2":0.012},"geometry":{"type":"Polygon","coordinates":[[[-54.611579,-20.470248],[-54.611384,-20.470215],[-54.611146,-20.469231],[-54.610889,-20.469181],[-54.610969,-20.468679],[-54.610988,-20.468608],[-54.611884,-20.468483],[-54.611579,-20.470248]]]}},{"type":"Feature","properties":{"nome":"Allah","osm_id":"relation/5317607","area_km2":0.1},"geometry":{"type":"Polygon","coordinates":[[[-54.605857,-20.478838],[-54.610938,-20.479946],[-54.61059,-20.481628],[-54.605488,-20.480379],[-54.605857,-20.478838]]]}},{"type":"Feature","properties":{"nome":"Alvorada","osm_id":"relation/5317608","area_km2":0.085},"geometry":{"type":"Polygon","coordinates":[[[-54.613592,-20.478256],[-54.613702,-20.477746],[-54.613637,-20.477647],[-54.613841,-20.477676],[-54.613945,-20.477005],[-54.613804,-20.476981],[-54.614035,-20.475753],[-54.61675,-20.476568],[-54.616259,-20.479044],[-54.615364,-20.47877],[-54.615332,-20.478986],[-54.614347,-20.47882],[-54.61439,-20.478633],[-54.614172,-20.478425],[-54.613592,-20.478256]]]}},{"type":"Feature","properties":{"nome":"Carvalho","osm_id":"relation/5317609","area_km2":0.697},"geometry":{"type":"Polygon","coordinates":[[[-54.622712,-20.473916],[-54.623516,-20.474984],[-54.623903,-20.475808],[-54.624068,-20.476713],[-54.623952,-20.477833],[-54.615632,-20.48255],[-54.618225,-20.46888],[-54.619832,-20.46967],[-54.620308,-20.469743],[-54.62033,-20.470632],[-54.62042,-20.470832],[-54.622712,-20.473916]]]}},{"type":"Feature","properties":{"nome":"Glória","osm_id":"relation/5317610","area_km2":1.123},"geometry":{"type":"Polygon","coordinates":[[[-54.616598,-20.477455],[-54.615632,-20.48255],[-54.615218,-20.483088],[-54.614672,-20.482693],[-54.61436,-20.482569],[-54.61059,-20.481628],[-54.612015,-20.47398],[-54.60724,-20.473127],[-54.607882,-20.470556],[-54.608124,-20.468528],[-54.609956,-20.46798],[-54.610161,-20.46804],[-54.610868,-20.468606],[-54.613302,-20.468333],[-54.616274,-20.468495],[-54.618225,-20.46888],[-54.616598,-20.477455]]]}},{"type":"Feature","properties":{"nome":"Monte Líbano","osm_id":"relation/5317611","area_km2":0.124},"geometry":{"type":"Polygon","coordinates":[[[-54.607492,-20.47317],[-54.610248,-20.473645],[-54.610476,-20.473392],[-54.610773,-20.473735],[-54.611581,-20.473884],[-54.611226,-20.474303],[-54.611803,-20.475119],[-54.611612,-20.476279],[-54.606726,-20.475226],[-54.60724,-20.473127],[-54.607492,-20.47317]]]}},{"type":"Feature","properties":{"nome":"Monte Líbano","osm_id":"relation/5317612","area_km2":0.449},"geometry":{"type":"Polygon","coordinates":[[[-54.610938,-20.479946],[-54.61059,-20.481628],[-54.605488,-20.480379],[-54.60724,-20.473127],[-54.612015,-20.47398],[-54.610938,-20.479946]]]}},{"type":"Feature","properties":{"nome":"Sargento Amaral","osm_id":"relation/5317613","area_km2":0.095},"geometry":{"type":"Polygon","coordinates":[[[-54.622936,-20.47316],[-54.622416,-20.473524],[-54.621178,-20.471878],[-54.621107,-20.471642],[-54.621126,-20.470019],[-54.621605,-20.470523],[-54.622203,-20.470693],[-54.622702,-20.470602],[-54.62404,-20.470029],[-54.625088,-20.471696],[-54.622936,-20.47316]]]}},{"type":"Feature","properties":{"nome":"Vila Americana","osm_id":"relation/5317614","area_km2":0.083},"geometry":{"type":"Polygon","coordinates":[[[-54.620358,-20.479859],[-54.615632,-20.48255],[-54.616233,-20.479181],[-54.620358,-20.479859]]]}},{"type":"Feature","properties":{"nome":"Vila Aurora","osm_id":"relation/5317615","area_km2":0.119},"geometry":{"type":"Polygon","coordinates":[[[-54.624684,-20.467762],[-54.622502,-20.467587],[-54.621886,-20.466543],[-54.621758,-20.466188],[-54.621835,-20.466066],[-54.624843,-20.465362],[-54.62589,-20.465522],[-54.62785,-20.468042],[-54.624684,-20.467762]]]}},{"type":"Feature","properties":{"nome":"Vila Carvalho Baís","osm_id":"relation/5317616","area_km2":0.046},"geometry":{"type":"Polygon","coordinates":[[[-54.621765,-20.472855],[-54.621863,-20.472788],[-54.622416,-20.473524],[-54.619136,-20.476146],[-54.618615,-20.475321],[-54.621765,-20.472855]]]}},{"type":"Feature","properties":{"nome":"Vila Carvalho","osm_id":"relation/5317617","area_km2":0.15},"geometry":{"type":"Polygon","coordinates":[[[-54.623952,-20.477833],[-54.623088,-20.478322],[-54.622333,-20.477467],[-54.620719,-20.478699],[-54.621167,-20.479409],[-54.622159,-20.478847],[-54.620652,-20.477155],[-54.620053,-20.477635],[-54.619136,-20.476146],[-54.622416,-20.473524],[-54.623516,-20.474984],[-54.623903,-20.475808],[-54.624068,-20.476713],[-54.623952,-20.477833]]]}},{"type":"Feature","properties":{"nome":"Vila Cidade","osm_id":"relation/5317618","area_km2":0.36},"geometry":{"type":"MultiPolygon","coordinates":[[[[-54.620457,-20.461729],[-54.620517,-20.457843],[-54.620392,-20.456479],[-54.622112,-20.456708],[-54.621966,-20.45806],[-54.620988,-20.457917],[-54.620725,-20.459203],[-54.622035,-20.459401],[-54.62234,-20.463071],[-54.62174,-20.465211],[-54.621707,-20.465986],[-54.622054,-20.466854],[-54.62404,-20.470029],[-54.62247,-20.47067],[-54.621798,-20.470623],[-54.621454,-20.470399],[-54.620941,-20.469843],[-54.620798,-20.469767],[-54.620308,-20.469743],[-54.620632,-20.467489],[-54.619783,-20.464228],[-54.620457,-20.461729]]],[[[-54.602118,-20.453432],[-54.60473,-20.453868],[-54.60448,-20.455185],[-54.601876,-20.454751],[-54.602118,-20.453432]]],[[[-54.602015,-20.461695],[-54.601814,-20.462924],[-54.600444,-20.462711],[-54.600665,-20.461347],[-54.602037,-20.461576],[-54.602015,-20.461695]]]]}},{"type":"Feature","properties":{"nome":"Vila Floresta","osm_id":"relation/5317619","area_km2":0.071},"geometry":{"type":"Polygon","coordinates":[[[-54.62478,-20.470864],[-54.624639,-20.470976],[-54.622502,-20.467587],[-54.624684,-20.467762],[-54.626317,-20.469538],[-54.62478,-20.470864]]]}},{"type":"Feature","properties":{"nome":"Vila Gatão","osm_id":"relation/5317620","area_km2":0.012},"geometry":{"type":"Polygon","coordinates":[[[-54.607313,-20.469185],[-54.608063,-20.469288],[-54.607882,-20.470556],[-54.607184,-20.470554],[-54.607147,-20.470493],[-54.60714,-20.470141],[-54.607313,-20.469185]]]}},{"type":"Feature","properties":{"nome":"Vila Guenka","osm_id":"relation/5317621","area_km2":0.017},"geometry":{"type":"Polygon","coordinates":[[[-54.620988,-20.457917],[-54.621965,-20.458082],[-54.622035,-20.459401],[-54.620725,-20.459203],[-54.620988,-20.457917]]]}},{"type":"Feature","properties":{"nome":"Vila Liberdade","osm_id":"relation/5317622","area_km2":0.087},"geometry":{"type":"Polygon","coordinates":[[[-54.611856,-20.474828],[-54.61406,-20.475622],[-54.613804,-20.476981],[-54.613945,-20.477005],[-54.613841,-20.477676],[-54.613637,-20.477647],[-54.613702,-20.477746],[-54.613592,-20.478256],[-54.613055,-20.478097],[-54.612953,-20.478633],[-54.611254,-20.478282],[-54.611856,-20.474828]]]}},{"type":"Feature","properties":{"nome":"Vila Nossa Senhora de Lourdes","osm_id":"relation/5317623","area_km2":0.032},"geometry":{"type":"Polygon","coordinates":[[[-54.618225,-20.46888],[-54.619832,-20.46967],[-54.620308,-20.469743],[-54.62033,-20.470632],[-54.62042,-20.470832],[-54.620327,-20.470759],[-54.617956,-20.470375],[-54.618225,-20.46888]]]}},{"type":"Feature","properties":{"nome":"Vila Oliveira","osm_id":"relation/5317624","area_km2":0.093},"geometry":{"type":"Polygon","coordinates":[[[-54.61675,-20.476568],[-54.617365,-20.4734],[-54.620363,-20.478119],[-54.616598,-20.477455],[-54.61675,-20.476568]]]}},{"type":"Feature","properties":{"nome":"Vila Orpheu Baís","osm_id":"relation/5317625","area_km2":0.279},"geometry":{"type":"Polygon","coordinates":[[[-54.626397,-20.46954],[-54.630076,-20.474352],[-54.623952,-20.477833],[-54.624055,-20.476522],[-54.623903,-20.475808],[-54.623623,-20.475165],[-54.625997,-20.473312],[-54.625676,-20.472254],[-54.625088,-20.471696],[-54.624639,-20.470976],[-54.626317,-20.469538],[-54.626397,-20.46954]]]}},{"type":"Feature","properties":{"nome":"Vila Piracicaba","osm_id":"relation/5317626","area_km2":0.014},"geometry":{"type":"Polygon","coordinates":[[[-54.606586,-20.468277],[-54.608164,-20.468545],[-54.608063,-20.469288],[-54.606435,-20.469081],[-54.606586,-20.468277]]]}},{"type":"Feature","properties":{"nome":"Vila Portão de Ferro","osm_id":"relation/5317627","area_km2":0.13},"geometry":{"type":"Polygon","coordinates":[[[-54.626397,-20.46954],[-54.629181,-20.4697],[-54.63195,-20.473268],[-54.630076,-20.474352],[-54.626397,-20.46954]]]}},{"type":"Feature","properties":{"nome":"Vila Quito","osm_id":"relation/5317628","area_km2":0.087},"geometry":{"type":"Polygon","coordinates":[[[-54.621863,-20.472788],[-54.618615,-20.475321],[-54.617365,-20.4734],[-54.617466,-20.472698],[-54.619349,-20.473038],[-54.619499,-20.472337],[-54.620715,-20.471801],[-54.621178,-20.471878],[-54.621863,-20.472788]]]}},{"type":"Feature","properties":{"nome":"Vila Santa Dorothéa","osm_id":"relation/5317629","area_km2":0.222},"geometry":{"type":"Polygon","coordinates":[[[-54.612953,-20.478633],[-54.613055,-20.478097],[-54.614172,-20.478425],[-54.61439,-20.478633],[-54.614347,-20.47882],[-54.615332,-20.478986],[-54.615364,-20.47877],[-54.616259,-20.479044],[-54.615632,-20.48255],[-54.615218,-20.483088],[-54.614672,-20.482693],[-54.61436,-20.482569],[-54.61059,-20.481628],[-54.611254,-20.478282],[-54.612953,-20.478633]]]}},{"type":"Feature","properties":{"nome":"Vila Santa Luiza","osm_id":"relation/5317630","area_km2":0.089},"geometry":{"type":"Polygon","coordinates":[[[-54.616259,-20.479044],[-54.616598,-20.477455],[-54.620363,-20.478119],[-54.621167,-20.479409],[-54.620358,-20.479859],[-54.616233,-20.479181],[-54.616259,-20.479044]]]}},{"type":"Feature","properties":{"nome":"Vila Santa Maria","osm_id":"relation/5317631","area_km2":0.017},"geometry":{"type":"Polygon","coordinates":[[[-54.619499,-20.472337],[-54.619349,-20.473038],[-54.617466,-20.472698],[-54.617607,-20.471959],[-54.619385,-20.472261],[-54.619499,-20.472337]]]}},{"type":"Feature","properties":{"nome":"Vila Santo André","osm_id":"relation/5317632","area_km2":0.22},"geometry":{"type":"Polygon","coordinates":[[[-54.611612,-20.476279],[-54.610938,-20.479946],[-54.605857,-20.478838],[-54.606726,-20.475226],[-54.611612,-20.476279]]]}},{"type":"Feature","properties":{"nome":"Vila São José","osm_id":"relation/5317633","area_km2":0.029},"geometry":{"type":"Polygon","coordinates":[[[-54.618826,-20.472163],[-54.619016,-20.471468],[-54.617794,-20.471264],[-54.617956,-20.470375],[-54.620327,-20.470759],[-54.620536,-20.471126],[-54.618963,-20.472186],[-54.618826,-20.472163]]]}},{"type":"Feature","properties":{"nome":"Vila São Rafael","osm_id":"relation/5317634","area_km2":0.013},"geometry":{"type":"Polygon","coordinates":[[[-54.620053,-20.477635],[-54.620652,-20.477155],[-54.621501,-20.478107],[-54.620719,-20.478699],[-54.620053,-20.477635]]]}},{"type":"Feature","properties":{"nome":"Vila São Vicente","osm_id":"relation/5317635","area_km2":0.073},"geometry":{"type":"Polygon","coordinates":[[[-54.624443,-20.472143],[-54.625088,-20.471696],[-54.625676,-20.472254],[-54.625997,-20.473312],[-54.623623,-20.475165],[-54.622416,-20.473524],[-54.624443,-20.472143]]]}},{"type":"Feature","properties":{"nome":"Vila Valparaíso","osm_id":"relation/5317636","area_km2":0.067},"geometry":{"type":"Polygon","coordinates":[[[-54.623088,-20.478322],[-54.623952,-20.477833],[-54.62309,-20.482503],[-54.621167,-20.479409],[-54.623088,-20.478322]]]}},{"type":"Feature","properties":{"nome":"Vila Warde","osm_id":"relation/5317637","area_km2":0.056},"geometry":{"type":"Polygon","coordinates":[[[-54.626397,-20.46954],[-54.626317,-20.469538],[-54.624684,-20.467762],[-54.62785,-20.468042],[-54.629181,-20.4697],[-54.626397,-20.46954]]]}},{"type":"Feature","properties":{"nome":"Itanhangá","osm_id":"relation/5319766","area_km2":0.654},"geometry":{"type":"Polygon","coordinates":[[[-54.599808,-20.474313],[-54.598249,-20.475112],[-54.598187,-20.474991],[-54.598059,-20.473559],[-54.597811,-20.467154],[-54.600155,-20.466515],[-54.602948,-20.465871],[-54.603268,-20.465858],[-54.603985,-20.46688],[-54.604769,-20.467701],[-54.6067,-20.468313],[-54.608164,-20.468545],[-54.607882,-20.470556],[-54.607095,-20.470554],[-54.599808,-20.474313]]]}},{"type":"Feature","properties":{"nome":"Vila Doutor João Rosa","osm_id":"relation/5319767","area_km2":0.036},"geometry":{"type":"Polygon","coordinates":[[[-54.604886,-20.4715],[-54.603628,-20.471069],[-54.60436,-20.468955],[-54.605375,-20.46931],[-54.605252,-20.471201],[-54.605186,-20.471181],[-54.605036,-20.471608],[-54.604974,-20.471641],[-54.604886,-20.4715]]]}},{"type":"Feature","properties":{"nome":"Vila Joselito","osm_id":"relation/5319768","area_km2":0.106},"geometry":{"type":"Polygon","coordinates":[[[-54.603131,-20.465849],[-54.603574,-20.466958],[-54.603517,-20.468045],[-54.603062,-20.469241],[-54.603525,-20.469379],[-54.602701,-20.471688],[-54.601495,-20.471841],[-54.601868,-20.466126],[-54.603131,-20.465849]]]}},{"type":"Feature","properties":{"nome":"Vila Rezende","osm_id":"relation/5319769","area_km2":0.052},"geometry":{"type":"Polygon","coordinates":[[[-54.60436,-20.468955],[-54.603297,-20.471874],[-54.602701,-20.471688],[-54.603525,-20.469379],[-54.603062,-20.469241],[-54.603517,-20.468045],[-54.603574,-20.466958],[-54.603131,-20.465849],[-54.603268,-20.465858],[-54.603985,-20.46688],[-54.604769,-20.467701],[-54.60436,-20.468955]]]}},{"type":"Feature","properties":{"nome":"Vila Rosa Pires","osm_id":"relation/5319770","area_km2":0.054},"geometry":{"type":"Polygon","coordinates":[[[-54.607184,-20.470554],[-54.605036,-20.471608],[-54.605186,-20.471181],[-54.605252,-20.471201],[-54.605465,-20.467927],[-54.606586,-20.468277],[-54.606435,-20.469081],[-54.607306,-20.469226],[-54.60712,-20.470313],[-54.607184,-20.470554]]]}},{"type":"Feature","properties":{"nome":"Seminário","osm_id":"relation/5321999","area_km2":3.345},"geometry":{"type":"Polygon","coordinates":[[[-54.618588,-20.405626],[-54.621301,-20.414303],[-54.627642,-20.433961],[-54.622114,-20.436172],[-54.620727,-20.437061],[-54.619771,-20.437255],[-54.619377,-20.435872],[-54.619125,-20.43548],[-54.619035,-20.435164],[-54.619012,-20.434438],[-54.618595,-20.433151],[-54.618592,-20.432786],[-54.618415,-20.43207],[-54.618395,-20.431259],[-54.616684,-20.429202],[-54.61588,-20.428017],[-54.61583,-20.427816],[-54.614671,-20.42684],[-54.614302,-20.426154],[-54.614114,-20.425443],[-54.61381,-20.424802],[-54.613117,-20.423993],[-54.612862,-20.423576],[-54.612519,-20.423369],[-54.612289,-20.422969],[-54.612272,-20.422697],[-54.612033,-20.422212],[-54.61204,-20.421685],[-54.611532,-20.421471],[-54.611994,-20.419557],[-54.614057,-20.416055],[-54.614176,-20.415722],[-54.614131,-20.415474],[-54.612558,-20.412084],[-54.615548,-20.40148],[-54.613938,-20.396346],[-54.614942,-20.394403],[-54.615056,-20.394449],[-54.618588,-20.405626]]]}},{"type":"Feature","properties":{"nome":"Mata do Jacinto","osm_id":"relation/5322028","area_km2":3.206},"geometry":{"type":"Polygon","coordinates":[[[-54.573002,-20.410479],[-54.573062,-20.410364],[-54.579091,-20.4171],[-54.579458,-20.417394],[-54.582789,-20.421242],[-54.584641,-20.423245],[-54.584848,-20.423574],[-54.590615,-20.429889],[-54.591533,-20.432274],[-54.587354,-20.431495],[-54.586521,-20.429218],[-54.586542,-20.429034],[-54.585155,-20.428725],[-54.584727,-20.428937],[-54.585501,-20.431105],[-54.583475,-20.430667],[-54.58297,-20.430397],[-54.582563,-20.430446],[-54.581285,-20.430199],[-54.577993,-20.430835],[-54.577032,-20.431312],[-54.576489,-20.431449],[-54.575971,-20.431376],[-54.575047,-20.430993],[-54.573761,-20.430035],[-54.572131,-20.429427],[-54.572222,-20.428684],[-54.568446,-20.428269],[-54.568188,-20.428267],[-54.5681,-20.42834],[-54.56349,-20.427848],[-54.563437,-20.42778],[-54.570015,-20.415757],[-54.573002,-20.410479]]]}},{"type":"Feature","properties":{"nome":"Aclimação","osm_id":"relation/5322910","area_km2":0.13},"geometry":{"type":"Polygon","coordinates":[[[-54.606091,-20.465508],[-54.606101,-20.465459],[-54.60528,-20.465391],[-54.605264,-20.465489],[-54.604501,-20.46547],[-54.604414,-20.465917],[-54.603268,-20.465858],[-54.603015,-20.465626],[-54.602832,-20.465566],[-54.60185,-20.465502],[-54.601822,-20.464377],[-54.60175,-20.464366],[-54.601745,-20.463954],[-54.601686,-20.46394],[-54.601814,-20.462924],[-54.606959,-20.463843],[-54.606639,-20.465521],[-54.606091,-20.465508]]]}},{"type":"Feature","properties":{"nome":"Cachoeira","osm_id":"relation/5322911","area_km2":0.073},"geometry":{"type":"Polygon","coordinates":[[[-54.596986,-20.46072],[-54.594442,-20.460285],[-54.594915,-20.457883],[-54.597453,-20.458325],[-54.596986,-20.46072]]]}},{"type":"Feature","properties":{"nome":"Cachoeirinha","osm_id":"relation/5322912","area_km2":0.03},"geometry":{"type":"Polygon","coordinates":[[[-54.591263,-20.462715],[-54.590837,-20.462349],[-54.590655,-20.461953],[-54.591608,-20.461467],[-54.591865,-20.461258],[-54.592822,-20.461408],[-54.592506,-20.46313],[-54.591888,-20.462993],[-54.591263,-20.462715]]]}},{"type":"Feature","properties":{"nome":"Centro","osm_id":"relation/5322913","area_km2":2.922},"geometry":{"type":"Polygon","coordinates":[[[-54.618922,-20.454023],[-54.620402,-20.454287],[-54.620391,-20.45657],[-54.620517,-20.457843],[-54.620457,-20.461729],[-54.619783,-20.464228],[-54.620632,-20.467489],[-54.620308,-20.469743],[-54.619832,-20.46967],[-54.618225,-20.46888],[-54.616274,-20.468495],[-54.613076,-20.468326],[-54.610868,-20.468606],[-54.610161,-20.46804],[-54.609956,-20.46798],[-54.607931,-20.46854],[-54.6067,-20.468313],[-54.604815,-20.467724],[-54.604607,-20.467598],[-54.603263,-20.465873],[-54.603419,-20.465844],[-54.603483,-20.465596],[-54.603497,-20.463203],[-54.604332,-20.46334],[-54.605999,-20.45408],[-54.60737,-20.454307],[-54.608052,-20.450664],[-54.617886,-20.452315],[-54.617618,-20.45379],[-54.618922,-20.454023]]]}},{"type":"Feature","properties":{"nome":"Chácara dos Coqueiros","osm_id":"relation/5322915","area_km2":0.068},"geometry":{"type":"Polygon","coordinates":[[[-54.601686,-20.46394],[-54.601745,-20.463954],[-54.60175,-20.464366],[-54.601822,-20.464377],[-54.60185,-20.465502],[-54.600492,-20.465367],[-54.598448,-20.464988],[-54.598598,-20.464277],[-54.599894,-20.464513],[-54.600059,-20.462633],[-54.601814,-20.462924],[-54.601686,-20.46394]]]}},{"type":"Feature","properties":{"nome":"Glaucos da Costa Marques","osm_id":"relation/5322916","area_km2":0.161},"geometry":{"type":"Polygon","coordinates":[[[-54.597811,-20.467154],[-54.599626,-20.466644],[-54.599808,-20.474313],[-54.598249,-20.475112],[-54.598154,-20.474861],[-54.598059,-20.473559],[-54.597811,-20.467154]]]}},{"type":"Feature","properties":{"nome":"Itanhangá Park","osm_id":"relation/5322917","area_km2":0.164},"geometry":{"type":"Polygon","coordinates":[[[-54.601383,-20.473483],[-54.599808,-20.474313],[-54.599626,-20.466644],[-54.601868,-20.466126],[-54.601383,-20.473483]]]}},{"type":"Feature","properties":{"nome":"Jardim dos Estados","osm_id":"relation/5322919","area_km2":1.69},"geometry":{"type":"Polygon","coordinates":[[[-54.603268,-20.465858],[-54.603015,-20.465626],[-54.602832,-20.465566],[-54.600492,-20.465367],[-54.596209,-20.464546],[-54.595718,-20.464356],[-54.594588,-20.463435],[-54.594116,-20.463308],[-54.59154,-20.463063],[-54.593596,-20.452001],[-54.605999,-20.45408],[-54.604332,-20.46334],[-54.603497,-20.463203],[-54.603483,-20.465596],[-54.603419,-20.465844],[-54.603268,-20.465858]]]}},{"type":"Feature","properties":{"nome":"Jatiúca Park","osm_id":"relation/5322920","area_km2":0.132},"geometry":{"type":"Polygon","coordinates":[[[-54.591247,-20.464643],[-54.590118,-20.465901],[-54.586597,-20.463219],[-54.587501,-20.462589],[-54.587585,-20.462451],[-54.588011,-20.462524],[-54.587992,-20.462208],[-54.58915,-20.462137],[-54.589404,-20.461842],[-54.589817,-20.461762],[-54.590193,-20.462188],[-54.590655,-20.461953],[-54.590919,-20.462451],[-54.59157,-20.462886],[-54.591247,-20.464643]]]}},{"type":"Feature","properties":{"nome":"Miguel Couto","osm_id":"relation/5322921","area_km2":0.562},"geometry":{"type":"Polygon","coordinates":[[[-54.587992,-20.468573],[-54.585772,-20.46773],[-54.586044,-20.465786],[-54.584385,-20.464549],[-54.584607,-20.464246],[-54.586423,-20.463285],[-54.586669,-20.463223],[-54.590118,-20.465901],[-54.591247,-20.464643],[-54.59157,-20.462886],[-54.592506,-20.46313],[-54.592846,-20.464517],[-54.59226,-20.465258],[-54.592432,-20.466167],[-54.593247,-20.46631],[-54.593645,-20.467243],[-54.593409,-20.467961],[-54.593274,-20.467951],[-54.593594,-20.46892],[-54.591528,-20.470657],[-54.59107,-20.474001],[-54.589884,-20.473775],[-54.589191,-20.472748],[-54.588927,-20.471343],[-54.588857,-20.471128],[-54.588649,-20.470903],[-54.588386,-20.471034],[-54.58765,-20.471152],[-54.588062,-20.470084],[-54.587726,-20.469782],[-54.588546,-20.468898],[-54.587992,-20.468573]]]}},{"type":"Feature","properties":{"nome":"Vila 15 de Novembro","osm_id":"relation/5322922","area_km2":0.06},"geometry":{"type":"Polygon","coordinates":[[[-54.596166,-20.461969],[-54.600059,-20.462633],[-54.599894,-20.464513],[-54.598598,-20.464277],[-54.598769,-20.46344],[-54.595963,-20.462954],[-54.596166,-20.461969]]]}},{"type":"Feature","properties":{"nome":"Vila Alta","osm_id":"relation/5322923","area_km2":0.066},"geometry":{"type":"Polygon","coordinates":[[[-54.615829,-20.45381],[-54.613796,-20.453455],[-54.613899,-20.45278],[-54.612196,-20.452497],[-54.612408,-20.451405],[-54.616151,-20.452023],[-54.615829,-20.45381]]]}},{"type":"Feature","properties":{"nome":"Vila América","osm_id":"relation/5322924","area_km2":0.047},"geometry":{"type":"Polygon","coordinates":[[[-54.610287,-20.453391],[-54.61071,-20.451121],[-54.612408,-20.451405],[-54.611966,-20.453725],[-54.610287,-20.453391]]]}},{"type":"Feature","properties":{"nome":"Vila Clementina","osm_id":"relation/5322925","area_km2":0.021},"geometry":{"type":"Polygon","coordinates":[[[-54.606644,-20.458232],[-54.606402,-20.459537],[-54.605088,-20.459248],[-54.605313,-20.458],[-54.606644,-20.458232]]]}},{"type":"Feature","properties":{"nome":"Vila Costa Lima","osm_id":"relation/5322926","area_km2":0.054},"geometry":{"type":"Polygon","coordinates":[[[-54.603243,-20.46585],[-54.59864,-20.466898],[-54.598448,-20.464988],[-54.600941,-20.465433],[-54.602832,-20.465566],[-54.603015,-20.465626],[-54.603243,-20.46585]]]}},{"type":"Feature","properties":{"nome":"Vila Esportiva","osm_id":"relation/5322927","area_km2":0.04},"geometry":{"type":"Polygon","coordinates":[[[-54.601814,-20.462924],[-54.602037,-20.461576],[-54.604523,-20.462002],[-54.604332,-20.46334],[-54.601814,-20.462924]]]}},{"type":"Feature","properties":{"nome":"Vila General Wolgrand","osm_id":"relation/5322928","area_km2":0.013},"geometry":{"type":"Polygon","coordinates":[[[-54.61188,-20.454183],[-54.611966,-20.453725],[-54.612753,-20.453856],[-54.612667,-20.454314],[-54.613124,-20.45439],[-54.612966,-20.455236],[-54.612113,-20.455095],[-54.612257,-20.454334],[-54.612333,-20.454258],[-54.61188,-20.454183]]]}},{"type":"Feature","properties":{"nome":"Vila Ilgenfritz","osm_id":"relation/5322929","area_km2":0.115},"geometry":{"type":"Polygon","coordinates":[[[-54.608052,-20.450664],[-54.61071,-20.451121],[-54.610019,-20.454747],[-54.60737,-20.454307],[-54.608052,-20.450664]]]}},{"type":"Feature","properties":{"nome":"Vila Jardim dos Estados","osm_id":"relation/5322930","area_km2":0.07},"geometry":{"type":"Polygon","coordinates":[[[-54.605117,-20.457623],[-54.602757,-20.457269],[-54.603192,-20.454971],[-54.605749,-20.455396],[-54.605344,-20.457725],[-54.605117,-20.457623]]]}},{"type":"Feature","properties":{"nome":"Vila Mariana","osm_id":"relation/5322932","area_km2":0.03},"geometry":{"type":"Polygon","coordinates":[[[-54.601279,-20.458005],[-54.601453,-20.457052],[-54.602757,-20.457269],[-54.602418,-20.459198],[-54.601103,-20.458959],[-54.601279,-20.458005]]]}},{"type":"Feature","properties":{"nome":"Vila Onze","osm_id":"relation/5322933","area_km2":0.046},"geometry":{"type":"Polygon","coordinates":[[[-54.599062,-20.458613],[-54.598593,-20.460992],[-54.596986,-20.46072],[-54.597453,-20.458325],[-54.599062,-20.458613]]]}},{"type":"Feature","properties":{"nome":"Vila Santos Gomes","osm_id":"relation/5322935","area_km2":0.151},"geometry":{"type":"Polygon","coordinates":[[[-54.592261,-20.459407],[-54.592122,-20.459262],[-54.591079,-20.458689],[-54.591224,-20.458323],[-54.592941,-20.449528],[-54.594065,-20.44974],[-54.593345,-20.453293],[-54.592779,-20.456573],[-54.592938,-20.456606],[-54.593151,-20.457184],[-54.593079,-20.457577],[-54.59333,-20.457623],[-54.592859,-20.460016],[-54.592261,-20.459407]]]}},{"type":"Feature","properties":{"nome":"Vila São Gabriel","osm_id":"relation/5322936","area_km2":0.059},"geometry":{"type":"Polygon","coordinates":[[[-54.600665,-20.461347],[-54.598593,-20.460992],[-54.599062,-20.458613],[-54.601103,-20.458959],[-54.600665,-20.461347]]]}},{"type":"Feature","properties":{"nome":"Vila São Jorge","osm_id":"relation/5322937","area_km2":0.046},"geometry":{"type":"Polygon","coordinates":[[[-54.592859,-20.460016],[-54.59333,-20.457623],[-54.594915,-20.457883],[-54.594442,-20.460285],[-54.592859,-20.460016]]]}},{"type":"Feature","properties":{"nome":"Vila Tupaceretan","osm_id":"relation/5322938","area_km2":0.059},"geometry":{"type":"Polygon","coordinates":[[[-54.605344,-20.457725],[-54.605027,-20.459523],[-54.602418,-20.459198],[-54.602757,-20.457269],[-54.605117,-20.457623],[-54.605344,-20.457725]]]}},{"type":"Feature","properties":{"nome":"Margarida","osm_id":"relation/5326391","area_km2":0.988},"geometry":{"type":"Polygon","coordinates":[[[-54.582563,-20.430446],[-54.58297,-20.430397],[-54.583475,-20.430667],[-54.585501,-20.431105],[-54.584727,-20.428937],[-54.585155,-20.428725],[-54.586542,-20.429034],[-54.586521,-20.429218],[-54.587354,-20.431495],[-54.591533,-20.432274],[-54.590615,-20.429889],[-54.592879,-20.432298],[-54.592821,-20.43235],[-54.596094,-20.435926],[-54.59334,-20.436987],[-54.587201,-20.435769],[-54.58663,-20.435773],[-54.58265,-20.436493],[-54.58082,-20.436416],[-54.580372,-20.436476],[-54.580045,-20.43605],[-54.579854,-20.435922],[-54.579826,-20.435755],[-54.579502,-20.435477],[-54.579026,-20.434497],[-54.578771,-20.434193],[-54.578758,-20.433645],[-54.578563,-20.433216],[-54.578604,-20.433097],[-54.578335,-20.43267],[-54.57829,-20.432205],[-54.578049,-20.431921],[-54.577649,-20.431653],[-54.577305,-20.431175],[-54.577993,-20.430835],[-54.581285,-20.430199],[-54.582563,-20.430446]]]}},{"type":"Feature","properties":{"nome":"Estrela Dalva","osm_id":"relation/5326775","area_km2":1.197},"geometry":{"type":"Polygon","coordinates":[[[-54.54218,-20.423583],[-54.542273,-20.423352],[-54.542712,-20.423431],[-54.543018,-20.42323],[-54.544419,-20.423232],[-54.544885,-20.423002],[-54.54544,-20.422907],[-54.545945,-20.423015],[-54.546791,-20.422519],[-54.547232,-20.422435],[-54.54731,-20.422358],[-54.547751,-20.422316],[-54.548047,-20.422136],[-54.548236,-20.422226],[-54.548766,-20.422216],[-54.548848,-20.421248],[-54.553376,-20.419235],[-54.556285,-20.422627],[-54.557307,-20.42184],[-54.560396,-20.425367],[-54.559379,-20.426151],[-54.56243,-20.429624],[-54.561654,-20.431052],[-54.561514,-20.431109],[-54.555488,-20.428654],[-54.554823,-20.428458],[-54.552672,-20.428073],[-54.552615,-20.428049],[-54.552735,-20.427427],[-54.552167,-20.427325],[-54.552127,-20.425423],[-54.545982,-20.427332],[-54.545238,-20.426834],[-54.54493,-20.426751],[-54.544843,-20.42662],[-54.544646,-20.426531],[-54.544576,-20.426126],[-54.543923,-20.425827],[-54.543285,-20.425295],[-54.543109,-20.424963],[-54.542782,-20.42473],[-54.542608,-20.424224],[-54.54218,-20.423583]]]}},{"type":"Feature","properties":{"nome":"Coophafé","osm_id":"relation/5326980","area_km2":0.155},"geometry":{"type":"Polygon","coordinates":[[[-54.581882,-20.446716],[-54.581921,-20.446495],[-54.583257,-20.44645],[-54.583918,-20.446556],[-54.58424,-20.446468],[-54.585511,-20.44654],[-54.585098,-20.448389],[-54.585311,-20.448407],[-54.584916,-20.45047],[-54.58125,-20.449819],[-54.581882,-20.446716]]]}},{"type":"Feature","properties":{"nome":"Royal Park","osm_id":"relation/5326981","area_km2":0.169},"geometry":{"type":"Polygon","coordinates":[[[-54.579995,-20.457788],[-54.580036,-20.457653],[-54.583117,-20.455344],[-54.583626,-20.455745],[-54.584405,-20.455184],[-54.584293,-20.455142],[-54.585136,-20.45449],[-54.586259,-20.455155],[-54.585543,-20.458766],[-54.579995,-20.457788]]]}},{"type":"Feature","properties":{"nome":"Santa Fé","osm_id":"relation/5326982","area_km2":0.536},"geometry":{"type":"Polygon","coordinates":[[[-54.591079,-20.458689],[-54.589097,-20.45751],[-54.587642,-20.456284],[-54.587555,-20.45617],[-54.587581,-20.455893],[-54.585937,-20.454959],[-54.587168,-20.448663],[-54.592931,-20.449599],[-54.591224,-20.458323],[-54.591079,-20.458689]]]}},{"type":"Feature","properties":{"nome":"Santa Fé","osm_id":"relation/5326983","area_km2":1.505},"geometry":{"type":"Polygon","coordinates":[[[-54.580783,-20.451126],[-54.580701,-20.450546],[-54.580755,-20.448862],[-54.581417,-20.446798],[-54.581424,-20.446529],[-54.583257,-20.44645],[-54.583918,-20.446556],[-54.58424,-20.446468],[-54.585511,-20.44654],[-54.585098,-20.448389],[-54.58914,-20.448957],[-54.592931,-20.449599],[-54.593062,-20.448988],[-54.594186,-20.449189],[-54.593345,-20.453293],[-54.592167,-20.459896],[-54.579995,-20.457788],[-54.580036,-20.457653],[-54.583117,-20.455344],[-54.582065,-20.454609],[-54.581621,-20.454058],[-54.581352,-20.453419],[-54.580783,-20.451126]]]}},{"type":"Feature","properties":{"nome":"Vila Bernardo Goldman","osm_id":"relation/5326984","area_km2":0.024},"geometry":{"type":"Polygon","coordinates":[[[-54.599062,-20.458613],[-54.599244,-20.45763],[-54.601279,-20.458005],[-54.601103,-20.458959],[-54.599062,-20.458613]]]}},{"type":"Feature","properties":{"nome":"Vila Ises","osm_id":"relation/5326985","area_km2":0.06},"geometry":{"type":"Polygon","coordinates":[[[-54.599062,-20.458613],[-54.597453,-20.458325],[-54.597821,-20.456395],[-54.601453,-20.457052],[-54.601279,-20.458005],[-54.599244,-20.45763],[-54.599062,-20.458613]]]}},{"type":"Feature","properties":{"nome":"Vila Nova Ipanema","osm_id":"relation/5326986","area_km2":0.046},"geometry":{"type":"Polygon","coordinates":[[[-54.587168,-20.448663],[-54.586754,-20.450795],[-54.584916,-20.45047],[-54.585311,-20.448407],[-54.587168,-20.448663]]]}},{"type":"Feature","properties":{"nome":"Vila Paraíso","osm_id":"relation/5326987","area_km2":0.087},"geometry":{"type":"MultiPolygon","coordinates":[[[[-54.595273,-20.455975],[-54.593672,-20.455724],[-54.59412,-20.453424],[-54.595696,-20.453673],[-54.595273,-20.455975]]],[[[-54.598232,-20.454097],[-54.599846,-20.454361],[-54.599402,-20.456669],[-54.597821,-20.456395],[-54.598232,-20.454097]]]]}},{"type":"Feature","properties":{"nome":"Vila Santa Odete","osm_id":"relation/5326988","area_km2":0.015},"geometry":{"type":"Polygon","coordinates":[[[-54.594919,-20.452228],[-54.595967,-20.452395],[-54.595696,-20.453673],[-54.594718,-20.453522],[-54.594919,-20.452228]]]}},{"type":"Feature","properties":{"nome":"Vivendas do Bosque","osm_id":"relation/5326989","area_km2":0.288},"geometry":{"type":"Polygon","coordinates":[[[-54.584916,-20.45047],[-54.586754,-20.450795],[-54.585937,-20.454959],[-54.585136,-20.45449],[-54.584293,-20.455142],[-54.584405,-20.455184],[-54.583626,-20.455745],[-54.582065,-20.454609],[-54.581529,-20.45389],[-54.580748,-20.450965],[-54.580711,-20.449721],[-54.584916,-20.45047]]]}},{"type":"Feature","properties":{"nome":"Chácara dos Poderes","osm_id":"relation/5327070","area_km2":14.309},"geometry":{"type":"Polygon","coordinates":[[[-54.544864,-20.428011],[-54.540333,-20.450805],[-54.54032,-20.451317],[-54.540448,-20.45185],[-54.540769,-20.452326],[-54.541232,-20.452777],[-54.540537,-20.452333],[-54.539951,-20.451742],[-54.53746,-20.449879],[-54.534717,-20.447656],[-54.532701,-20.447522],[-54.503485,-20.44441],[-54.506989,-20.415698],[-54.508403,-20.403417],[-54.509373,-20.403841],[-54.516588,-20.404894],[-54.517015,-20.405365],[-54.517313,-20.406054],[-54.517605,-20.406126],[-54.517628,-20.406284],[-54.518048,-20.406536],[-54.518205,-20.40751],[-54.518648,-20.408785],[-54.519131,-20.40972],[-54.519533,-20.410211],[-54.519823,-20.410414],[-54.519991,-20.410902],[-54.520356,-20.411401],[-54.520756,-20.412231],[-54.521474,-20.412963],[-54.522371,-20.413619],[-54.522923,-20.414725],[-54.522939,-20.41491],[-54.523554,-20.415956],[-54.523835,-20.416941],[-54.524206,-20.417143],[-54.524325,-20.417396],[-54.524691,-20.417601],[-54.524773,-20.418328],[-54.525105,-20.418399],[-54.525493,-20.418205],[-54.525874,-20.418284],[-54.526184,-20.418061],[-54.526616,-20.418256],[-54.526995,-20.418256],[-54.527232,-20.418372],[-54.529013,-20.418372],[-54.529814,-20.418251],[-54.53061,-20.418416],[-54.530952,-20.418572],[-54.533245,-20.419101],[-54.533801,-20.419344],[-54.534555,-20.419905],[-54.535333,-20.420176],[-54.536508,-20.421024],[-54.53731,-20.42109],[-54.538723,-20.42136],[-54.539028,-20.421502],[-54.539085,-20.421602],[-54.539447,-20.421574],[-54.539732,-20.422001],[-54.540122,-20.42211],[-54.540988,-20.423024],[-54.541251,-20.423094],[-54.541922,-20.423598],[-54.54218,-20.423583],[-54.542608,-20.424224],[-54.542782,-20.42473],[-54.543109,-20.424963],[-54.543285,-20.425295],[-54.543923,-20.425827],[-54.544621,-20.426166],[-54.544646,-20.426531],[-54.54511,-20.426801],[-54.544864,-20.428011]]]}},{"type":"Feature","properties":{"nome":"Noroeste","osm_id":"relation/5342984","area_km2":7.715},"geometry":{"type":"Polygon","coordinates":[[[-54.551921,-20.461247],[-54.555706,-20.463842],[-54.534541,-20.468626],[-54.533558,-20.468773],[-54.524795,-20.468444],[-54.523705,-20.468339],[-54.511694,-20.468781],[-54.512621,-20.464671],[-54.51648,-20.445794],[-54.532701,-20.447522],[-54.534717,-20.447656],[-54.53746,-20.449879],[-54.539951,-20.451742],[-54.540537,-20.452333],[-54.541915,-20.453316],[-54.54483,-20.455761],[-54.549775,-20.459719],[-54.551921,-20.461247]]]}},{"type":"Feature","properties":{"nome":"Veraneio","osm_id":"relation/5343046","area_km2":9.189},"geometry":{"type":"Polygon","coordinates":[[[-54.570597,-20.450799],[-54.573036,-20.450879],[-54.574848,-20.450375],[-54.577753,-20.451085],[-54.580783,-20.451126],[-54.581352,-20.453419],[-54.581621,-20.454058],[-54.582065,-20.454609],[-54.583117,-20.455344],[-54.580036,-20.457653],[-54.579995,-20.457788],[-54.563715,-20.455036],[-54.563369,-20.459241],[-54.563646,-20.459256],[-54.563138,-20.463993],[-54.560179,-20.463265],[-54.559524,-20.463201],[-54.558381,-20.463264],[-54.555706,-20.463842],[-54.549775,-20.459719],[-54.541232,-20.452777],[-54.540769,-20.452326],[-54.540448,-20.45185],[-54.54032,-20.451317],[-54.540333,-20.450805],[-54.54511,-20.426801],[-54.545982,-20.427332],[-54.552127,-20.425423],[-54.552167,-20.427325],[-54.552735,-20.427427],[-54.552615,-20.428049],[-54.554823,-20.428458],[-54.555488,-20.428654],[-54.561514,-20.431109],[-54.561654,-20.431052],[-54.562087,-20.431855],[-54.563321,-20.433475],[-54.562491,-20.437501],[-54.56249,-20.438255],[-54.563049,-20.441268],[-54.563024,-20.441468],[-54.563102,-20.441518],[-54.563429,-20.442933],[-54.563546,-20.443894],[-54.563608,-20.443913],[-54.564106,-20.445512],[-54.564107,-20.446762],[-54.56725,-20.44735],[-54.567238,-20.447607],[-54.567391,-20.447839],[-54.567976,-20.449953],[-54.568116,-20.45024],[-54.568489,-20.450469],[-54.570597,-20.450799]]]}},{"type":"Feature","properties":{"nome":"Carandá Bosque","osm_id":"relation/5359903","area_km2":4.15},"geometry":{"type":"Polygon","coordinates":[[[-54.56175,-20.43118],[-54.561654,-20.431052],[-54.563437,-20.42778],[-54.56349,-20.427848],[-54.5681,-20.42834],[-54.568188,-20.428267],[-54.568446,-20.428269],[-54.572222,-20.428684],[-54.572131,-20.429427],[-54.573761,-20.430035],[-54.574885,-20.430899],[-54.575971,-20.431376],[-54.576698,-20.431426],[-54.577305,-20.431175],[-54.577649,-20.431653],[-54.578049,-20.431921],[-54.57829,-20.432205],[-54.578335,-20.43267],[-54.578604,-20.433097],[-54.578563,-20.433216],[-54.578794,-20.433818],[-54.578771,-20.434193],[-54.579026,-20.434497],[-54.579502,-20.435477],[-54.579826,-20.435755],[-54.579854,-20.435922],[-54.58054,-20.436586],[-54.580676,-20.436823],[-54.580836,-20.437378],[-54.580687,-20.437504],[-54.580654,-20.437758],[-54.580877,-20.438002],[-54.581728,-20.440737],[-54.581798,-20.441643],[-54.58199,-20.442462],[-54.58184,-20.443362],[-54.581867,-20.443704],[-54.581629,-20.444041],[-54.58151,-20.444885],[-54.581357,-20.445172],[-54.581417,-20.446798],[-54.580755,-20.448862],[-54.580701,-20.450546],[-54.580783,-20.451126],[-54.577753,-20.451085],[-54.574848,-20.450375],[-54.573036,-20.450879],[-54.572612,-20.450893],[-54.570597,-20.450799],[-54.568489,-20.450469],[-54.568116,-20.45024],[-54.567976,-20.449953],[-54.567391,-20.447839],[-54.567238,-20.447607],[-54.56725,-20.44735],[-54.564107,-20.446762],[-54.564106,-20.445512],[-54.563608,-20.443913],[-54.563546,-20.443894],[-54.563429,-20.442933],[-54.563102,-20.441518],[-54.563024,-20.441468],[-54.563049,-20.441268],[-54.56249,-20.438255],[-54.562491,-20.437501],[-54.563321,-20.433475],[-54.562087,-20.431855],[-54.56175,-20.43118]]]}},{"type":"Feature","properties":{"nome":"Chácara Cachoeira","osm_id":"relation/5360532","area_km2":3.423},"geometry":{"type":"Polygon","coordinates":[[[-54.564705,-20.4552],[-54.592167,-20.459896],[-54.590573,-20.468371],[-54.589372,-20.469892],[-54.588959,-20.470741],[-54.588386,-20.471034],[-54.58765,-20.471152],[-54.584451,-20.471231],[-54.581942,-20.470681],[-54.581423,-20.470487],[-54.579246,-20.468968],[-54.578007,-20.467992],[-54.577105,-20.46755],[-54.573304,-20.466461],[-54.563138,-20.463993],[-54.563646,-20.459256],[-54.563369,-20.459241],[-54.563715,-20.455036],[-54.564705,-20.4552]]]}},{"type":"Feature","properties":{"nome":"Cruzeiro","osm_id":"relation/5360694","area_km2":2.834},"geometry":{"type":"Polygon","coordinates":[[[-54.604336,-20.434891],[-54.608378,-20.435755],[-54.609412,-20.439908],[-54.610103,-20.440055],[-54.60737,-20.454307],[-54.593596,-20.452001],[-54.595007,-20.445329],[-54.598302,-20.442098],[-54.598485,-20.441765],[-54.598578,-20.441382],[-54.598695,-20.43974],[-54.598566,-20.438923],[-54.597993,-20.438002],[-54.592821,-20.43235],[-54.592879,-20.432298],[-54.594351,-20.432687],[-54.604336,-20.434891]]]}},{"type":"Feature","properties":{"nome":"Maria Aparecida Pedrossian","osm_id":"relation/5364971","area_km2":13.648},"geometry":{"type":"Polygon","coordinates":[[[-54.527082,-20.492443],[-54.527925,-20.491901],[-54.528324,-20.491371],[-54.528633,-20.490344],[-54.528569,-20.489631],[-54.528343,-20.488966],[-54.528141,-20.488625],[-54.526245,-20.486304],[-54.522622,-20.476456],[-54.511672,-20.470565],[-54.511616,-20.469058],[-54.511694,-20.468781],[-54.523705,-20.468339],[-54.524795,-20.468444],[-54.533558,-20.468773],[-54.534541,-20.468626],[-54.555706,-20.463842],[-54.557062,-20.464734],[-54.55839,-20.465838],[-54.558804,-20.46638],[-54.559248,-20.467275],[-54.559449,-20.468067],[-54.559504,-20.468726],[-54.559115,-20.498086],[-54.558896,-20.499282],[-54.558437,-20.500362],[-54.557788,-20.501298],[-54.556442,-20.502896],[-54.556257,-20.503052],[-54.555729,-20.502869],[-54.55434,-20.502107],[-54.553423,-20.501332],[-54.552557,-20.500364],[-54.547369,-20.500317],[-54.54728,-20.500245],[-54.547182,-20.500149],[-54.547187,-20.499869],[-54.547044,-20.499396],[-54.54712,-20.498922],[-54.546831,-20.498463],[-54.546909,-20.498032],[-54.546635,-20.497529],[-54.546571,-20.497084],[-54.546694,-20.496712],[-54.546657,-20.496111],[-54.546875,-20.495504],[-54.546205,-20.494523],[-54.545641,-20.493856],[-54.537524,-20.495303],[-54.536369,-20.495802],[-54.535537,-20.495905],[-54.51662,-20.49301],[-54.515782,-20.492966],[-54.514951,-20.493114],[-54.514219,-20.493415],[-54.509855,-20.49652],[-54.509455,-20.495905],[-54.509586,-20.495461],[-54.514321,-20.486924],[-54.514965,-20.485631],[-54.527082,-20.492443]]]}},{"type":"Feature","properties":{"nome":"Tiradentes","osm_id":"relation/5365467","area_km2":7.787},"geometry":{"type":"Polygon","coordinates":[[[-54.563138,-20.463993],[-54.573304,-20.466461],[-54.577105,-20.46755],[-54.578007,-20.467992],[-54.579246,-20.468968],[-54.581423,-20.470487],[-54.581942,-20.470681],[-54.584451,-20.471231],[-54.583147,-20.473922],[-54.582898,-20.474891],[-54.582974,-20.477397],[-54.583508,-20.482677],[-54.583834,-20.483034],[-54.576187,-20.488555],[-54.57156,-20.494497],[-54.57006,-20.497519],[-54.569643,-20.497213],[-54.568793,-20.496289],[-54.568242,-20.496087],[-54.56793,-20.49577],[-54.566194,-20.498132],[-54.563697,-20.501284],[-54.563349,-20.500938],[-54.560233,-20.503266],[-54.559019,-20.503412],[-54.557648,-20.503373],[-54.556257,-20.503052],[-54.557788,-20.501298],[-54.558437,-20.500362],[-54.558896,-20.499282],[-54.559115,-20.498086],[-54.559504,-20.468726],[-54.559449,-20.468067],[-54.559248,-20.467275],[-54.559001,-20.466712],[-54.558576,-20.466064],[-54.557711,-20.465217],[-54.555706,-20.463842],[-54.558381,-20.463264],[-54.559524,-20.463201],[-54.560179,-20.463265],[-54.563138,-20.463993]]]}},{"type":"Feature","properties":{"nome":"Bela Vista","osm_id":"relation/5365863","area_km2":1.243},"geometry":{"type":"Polygon","coordinates":[[[-54.594284,-20.477169],[-54.593983,-20.477307],[-54.593952,-20.477407],[-54.59182,-20.476775],[-54.59159,-20.476626],[-54.590836,-20.475765],[-54.589166,-20.474835],[-54.588895,-20.474589],[-54.588703,-20.474232],[-54.588718,-20.473698],[-54.589136,-20.472948],[-54.589193,-20.472576],[-54.588927,-20.471343],[-54.588857,-20.471128],[-54.588649,-20.470903],[-54.588959,-20.470741],[-54.589372,-20.469892],[-54.590573,-20.468371],[-54.59154,-20.463063],[-54.594116,-20.463308],[-54.594588,-20.463435],[-54.595718,-20.464356],[-54.596209,-20.464546],[-54.600492,-20.465367],[-54.602832,-20.465566],[-54.603097,-20.465685],[-54.603268,-20.465858],[-54.602948,-20.465871],[-54.600155,-20.466515],[-54.597811,-20.467154],[-54.598059,-20.473559],[-54.598154,-20.474861],[-54.598249,-20.475112],[-54.594284,-20.477169]]]}},{"type":"Feature","properties":{"nome":"São Lourenço","osm_id":"relation/5374515","area_km2":0.729},"geometry":{"type":"Polygon","coordinates":[[[-54.583493,-20.48208],[-54.582974,-20.477397],[-54.582901,-20.475216],[-54.582933,-20.474623],[-54.583301,-20.473576],[-54.584451,-20.471231],[-54.58765,-20.471152],[-54.588386,-20.471034],[-54.588649,-20.470903],[-54.588857,-20.471128],[-54.588927,-20.471343],[-54.589193,-20.472576],[-54.589136,-20.472948],[-54.588718,-20.473698],[-54.588688,-20.474125],[-54.588817,-20.474487],[-54.589166,-20.474835],[-54.590836,-20.475765],[-54.59159,-20.476626],[-54.591751,-20.47672],[-54.583834,-20.483034],[-54.583524,-20.482749],[-54.583493,-20.48208]]]}},{"type":"Feature","properties":{"nome":"São Bento","osm_id":"relation/5375524","area_km2":0.733},"geometry":{"type":"Polygon","coordinates":[[[-54.599808,-20.474313],[-54.607095,-20.470554],[-54.607882,-20.470556],[-54.605488,-20.480379],[-54.593952,-20.477407],[-54.593983,-20.477307],[-54.599808,-20.474313]]]}},{"type":"Feature","properties":{"nome":"Vilasboas","osm_id":"relation/5380380","area_km2":3.001},"geometry":{"type":"Polygon","coordinates":[[[-54.583834,-20.483034],[-54.591751,-20.47672],[-54.592501,-20.477025],[-54.595515,-20.477843],[-54.599548,-20.478812],[-54.5983,-20.481308],[-54.596537,-20.487478],[-54.595259,-20.487125],[-54.592374,-20.496755],[-54.591713,-20.496554],[-54.590742,-20.496011],[-54.589866,-20.495698],[-54.588792,-20.495502],[-54.588224,-20.495307],[-54.588062,-20.495354],[-54.587715,-20.495232],[-54.587343,-20.495228],[-54.586589,-20.494799],[-54.583636,-20.494295],[-54.583189,-20.494104],[-54.581117,-20.493686],[-54.580624,-20.493455],[-54.580454,-20.493461],[-54.579829,-20.493221],[-54.579114,-20.492784],[-54.578754,-20.492721],[-54.57846,-20.492517],[-54.577794,-20.492405],[-54.577328,-20.49203],[-54.576838,-20.491777],[-54.576209,-20.491592],[-54.575905,-20.491277],[-54.575616,-20.491273],[-54.574567,-20.490653],[-54.576187,-20.488555],[-54.583834,-20.483034]]]}},{"type":"Feature","properties":{"nome":"TV Morena","osm_id":"relation/5380654","area_km2":0.854},"geometry":{"type":"Polygon","coordinates":[[[-54.602954,-20.491113],[-54.601444,-20.49077],[-54.600968,-20.490158],[-54.601309,-20.489033],[-54.600735,-20.488421],[-54.600575,-20.48804],[-54.599988,-20.487714],[-54.59976,-20.487174],[-54.596537,-20.487478],[-54.5983,-20.481308],[-54.599548,-20.478812],[-54.606727,-20.480695],[-54.604023,-20.489771],[-54.602954,-20.491113]]]}},{"type":"Feature","properties":{"nome":"Carlota","osm_id":"relation/5383756","area_km2":1.411},"geometry":{"type":"Polygon","coordinates":[[[-54.600034,-20.487754],[-54.600575,-20.48804],[-54.600735,-20.488421],[-54.601309,-20.489033],[-54.600968,-20.490158],[-54.601444,-20.49077],[-54.603214,-20.491181],[-54.603723,-20.491555],[-54.604266,-20.491572],[-54.604868,-20.491749],[-54.606067,-20.491785],[-54.606988,-20.49204],[-54.607744,-20.492646],[-54.60856,-20.493686],[-54.608929,-20.493944],[-54.60939,-20.494084],[-54.608802,-20.494232],[-54.608205,-20.494521],[-54.607523,-20.495084],[-54.607048,-20.495834],[-54.606085,-20.49781],[-54.605816,-20.498139],[-54.605153,-20.498611],[-54.604741,-20.498791],[-54.60395,-20.498977],[-54.603073,-20.498918],[-54.600555,-20.497982],[-54.600069,-20.497833],[-54.599387,-20.497757],[-54.598941,-20.497764],[-54.59831,-20.497899],[-54.597651,-20.498178],[-54.597016,-20.498582],[-54.59625,-20.498221],[-54.594889,-20.497984],[-54.594189,-20.497443],[-54.593915,-20.497376],[-54.593376,-20.496993],[-54.592901,-20.496935],[-54.592374,-20.496755],[-54.595259,-20.487125],[-54.596537,-20.487478],[-54.59976,-20.487174],[-54.600034,-20.487754]]]}},{"type":"Feature","properties":{"nome":"Doutor Albuquerque","osm_id":"relation/5383790","area_km2":1.139},"geometry":{"type":"Polygon","coordinates":[[[-54.597071,-20.50428],[-54.596347,-20.500628],[-54.596682,-20.499147],[-54.596886,-20.49873],[-54.597308,-20.498361],[-54.597968,-20.498027],[-54.598652,-20.497805],[-54.599772,-20.497784],[-54.60123,-20.498213],[-54.603073,-20.498918],[-54.603703,-20.498983],[-54.604356,-20.498905],[-54.605153,-20.498611],[-54.605816,-20.498139],[-54.606294,-20.497429],[-54.607343,-20.495319],[-54.607871,-20.494754],[-54.608802,-20.494232],[-54.60939,-20.494084],[-54.610361,-20.494143],[-54.613009,-20.495135],[-54.612777,-20.495996],[-54.612254,-20.496858],[-54.611719,-20.497306],[-54.607808,-20.500049],[-54.606754,-20.501109],[-54.606244,-20.501829],[-54.605781,-20.502696],[-54.605431,-20.503558],[-54.604174,-20.508235],[-54.597071,-20.50428]]]}},{"type":"Feature","properties":{"nome":"Universitário","osm_id":"relation/5383804","area_km2":9.146},"geometry":{"type":"Polygon","coordinates":[[[-54.566696,-20.529216],[-54.568612,-20.52547],[-54.569212,-20.523503],[-54.569688,-20.523264],[-54.57018,-20.522373],[-54.574853,-20.513495],[-54.575057,-20.512877],[-54.577921,-20.50758],[-54.578601,-20.50791],[-54.57982,-20.508192],[-54.592089,-20.509426],[-54.592827,-20.509419],[-54.594295,-20.508968],[-54.595055,-20.508551],[-54.595804,-20.507859],[-54.596672,-20.506611],[-54.596939,-20.505934],[-54.597046,-20.505433],[-54.597071,-20.50428],[-54.604174,-20.508235],[-54.603312,-20.511465],[-54.602837,-20.513752],[-54.602496,-20.514864],[-54.602256,-20.515375],[-54.600179,-20.52301],[-54.598747,-20.527217],[-54.598419,-20.52788],[-54.59728,-20.531137],[-54.596492,-20.533798],[-54.595347,-20.533695],[-54.593761,-20.533895],[-54.592998,-20.534229],[-54.592551,-20.534695],[-54.592419,-20.535066],[-54.592124,-20.535276],[-54.590533,-20.53586],[-54.590399,-20.536204],[-54.589943,-20.536506],[-54.589698,-20.536519],[-54.58912,-20.536822],[-54.588357,-20.537022],[-54.587839,-20.536974],[-54.587117,-20.536632],[-54.58667,-20.536889],[-54.585795,-20.536613],[-54.585412,-20.536848],[-54.583694,-20.537191],[-54.582748,-20.537332],[-54.582009,-20.537222],[-54.581069,-20.537614],[-54.580947,-20.537519],[-54.580852,-20.537204],[-54.580673,-20.537045],[-54.580185,-20.536786],[-54.579831,-20.536412],[-54.579404,-20.53617],[-54.57852,-20.536237],[-54.578186,-20.536191],[-54.576602,-20.535142],[-54.576147,-20.53501],[-54.57588,-20.534824],[-54.575529,-20.534815],[-54.575132,-20.534602],[-54.574452,-20.534734],[-54.574243,-20.534514],[-54.574183,-20.534212],[-54.573881,-20.533727],[-54.573363,-20.533256],[-54.57259,-20.532756],[-54.57217,-20.532702],[-54.5719,-20.532494],[-54.571652,-20.531939],[-54.571458,-20.531814],[-54.570779,-20.531729],[-54.570115,-20.531385],[-54.569868,-20.53139],[-54.569477,-20.531087],[-54.569031,-20.531113],[-54.567862,-20.530085],[-54.567747,-20.530141],[-54.566946,-20.529615],[-54.566659,-20.529313],[-54.566696,-20.529216]]]}},{"type":"Feature","properties":{"nome":"Rita Vieira","osm_id":"relation/5385119","area_km2":9.316},"geometry":{"type":"Polygon","coordinates":[[[-54.56793,-20.49577],[-54.568242,-20.496087],[-54.568793,-20.496289],[-54.569643,-20.497213],[-54.57006,-20.497519],[-54.57156,-20.494497],[-54.574567,-20.490653],[-54.575616,-20.491273],[-54.575905,-20.491277],[-54.576209,-20.491592],[-54.576838,-20.491777],[-54.577328,-20.49203],[-54.577794,-20.492405],[-54.57846,-20.492517],[-54.578754,-20.492721],[-54.579114,-20.492784],[-54.579829,-20.493221],[-54.580454,-20.493461],[-54.580624,-20.493455],[-54.581117,-20.493686],[-54.583189,-20.494104],[-54.583636,-20.494295],[-54.586589,-20.494799],[-54.587343,-20.495228],[-54.587715,-20.495232],[-54.588062,-20.495354],[-54.588224,-20.495307],[-54.588792,-20.495502],[-54.59017,-20.49579],[-54.590742,-20.496011],[-54.591713,-20.496554],[-54.592901,-20.496935],[-54.593376,-20.496993],[-54.593915,-20.497376],[-54.594189,-20.497443],[-54.594889,-20.497984],[-54.59625,-20.498221],[-54.597016,-20.498582],[-54.596682,-20.499147],[-54.596347,-20.500628],[-54.597071,-20.50428],[-54.597084,-20.504676],[-54.597046,-20.505433],[-54.596672,-20.506611],[-54.595804,-20.507859],[-54.595055,-20.508551],[-54.594295,-20.508968],[-54.592827,-20.509419],[-54.592089,-20.509426],[-54.57982,-20.508192],[-54.578601,-20.50791],[-54.577921,-20.50758],[-54.575057,-20.512877],[-54.574853,-20.513495],[-54.57018,-20.522373],[-54.569688,-20.523264],[-54.569212,-20.523503],[-54.568612,-20.52547],[-54.566659,-20.529313],[-54.566173,-20.528885],[-54.565594,-20.52858],[-54.56566,-20.527917],[-54.565108,-20.527133],[-54.564888,-20.526456],[-54.56491,-20.52623],[-54.564565,-20.525688],[-54.563682,-20.52501],[-54.563201,-20.524191],[-54.563125,-20.523843],[-54.562829,-20.523448],[-54.562754,-20.522921],[-54.562021,-20.522051],[-54.561726,-20.521405],[-54.560851,-20.520074],[-54.560326,-20.518978],[-54.55963,-20.518028],[-54.559507,-20.51763],[-54.559244,-20.517405],[-54.559097,-20.517021],[-54.556329,-20.51506],[-54.55612,-20.514647],[-54.55588,-20.51443],[-54.555803,-20.514148],[-54.554929,-20.513192],[-54.554286,-20.51278],[-54.553953,-20.512273],[-54.553544,-20.511889],[-54.552739,-20.51131],[-54.552209,-20.511047],[-54.551931,-20.510786],[-54.551606,-20.509454],[-54.550879,-20.508744],[-54.550661,-20.508266],[-54.550181,-20.507756],[-54.550147,-20.507594],[-54.549568,-20.50668],[-54.549401,-20.505991],[-54.548771,-20.505099],[-54.548799,-20.504592],[-54.548213,-20.503751],[-54.548089,-20.503075],[-54.547483,-20.501694],[-54.547347,-20.500973],[-54.547444,-20.500681],[-54.547369,-20.500317],[-54.552557,-20.500364],[-54.553423,-20.501332],[-54.554194,-20.502006],[-54.555729,-20.502869],[-54.556938,-20.503234],[-54.558012,-20.503406],[-54.559019,-20.503412],[-54.560233,-20.503266],[-54.563349,-20.500938],[-54.563697,-20.501284],[-54.566194,-20.498132],[-54.56793,-20.49577]]]}},{"type":"Feature","properties":{"nome":"Moreninha","osm_id":"relation/5385842","area_km2":17.101},"geometry":{"type":"Polygon","coordinates":[[[-54.565108,-20.527133],[-54.565621,-20.527798],[-54.565594,-20.52858],[-54.566173,-20.528885],[-54.567307,-20.529872],[-54.567481,-20.529909],[-54.567747,-20.530141],[-54.567862,-20.530085],[-54.569031,-20.531113],[-54.569477,-20.531087],[-54.569868,-20.53139],[-54.570115,-20.531385],[-54.570779,-20.531729],[-54.571458,-20.531814],[-54.571652,-20.531939],[-54.5719,-20.532494],[-54.57217,-20.532702],[-54.57259,-20.532756],[-54.573363,-20.533256],[-54.573881,-20.533727],[-54.574183,-20.534212],[-54.574243,-20.534514],[-54.574452,-20.534734],[-54.575132,-20.534602],[-54.575529,-20.534815],[-54.57588,-20.534824],[-54.576147,-20.53501],[-54.576602,-20.535142],[-54.578186,-20.536191],[-54.57852,-20.536237],[-54.579404,-20.53617],[-54.579831,-20.536412],[-54.580185,-20.536786],[-54.580673,-20.537045],[-54.580852,-20.537204],[-54.580947,-20.537519],[-54.581069,-20.537614],[-54.582009,-20.537222],[-54.582748,-20.537332],[-54.583694,-20.537191],[-54.585412,-20.536848],[-54.585795,-20.536613],[-54.58667,-20.536889],[-54.587117,-20.536632],[-54.587839,-20.536974],[-54.588357,-20.537022],[-54.58912,-20.536822],[-54.589698,-20.536519],[-54.589943,-20.536506],[-54.590399,-20.536204],[-54.590533,-20.53586],[-54.592124,-20.535276],[-54.592419,-20.535066],[-54.592551,-20.534695],[-54.592998,-20.534229],[-54.593761,-20.533895],[-54.595347,-20.533695],[-54.596492,-20.533798],[-54.595684,-20.536963],[-54.592831,-20.547186],[-54.592779,-20.547794],[-54.592131,-20.550422],[-54.584823,-20.577185],[-54.583712,-20.581844],[-54.583255,-20.583256],[-54.582176,-20.587671],[-54.582052,-20.58768],[-54.580422,-20.586908],[-54.579686,-20.586415],[-54.578847,-20.58568],[-54.578241,-20.584981],[-54.577773,-20.584236],[-54.576593,-20.581663],[-54.576077,-20.58088],[-54.575324,-20.580081],[-54.562472,-20.571475],[-54.561619,-20.57078],[-54.560756,-20.569878],[-54.559087,-20.567467],[-54.555812,-20.562434],[-54.555317,-20.561098],[-54.555161,-20.560325],[-54.555028,-20.55872],[-54.554782,-20.557778],[-54.553359,-20.554769],[-54.552948,-20.553724],[-54.552831,-20.553298],[-54.558776,-20.539247],[-54.564034,-20.527802],[-54.564956,-20.527124],[-54.565108,-20.527133]]]}},{"type":"Feature","properties":{"nome":"Panamá","osm_id":"relation/5395829","area_km2":3.769},"geometry":{"type":"Polygon","coordinates":[[[-54.665525,-20.432887],[-54.669442,-20.427688],[-54.677745,-20.432433],[-54.677925,-20.432028],[-54.678331,-20.431859],[-54.67866,-20.431918],[-54.679722,-20.432456],[-54.679953,-20.432628],[-54.680169,-20.433007],[-54.680179,-20.433384],[-54.680018,-20.433783],[-54.686133,-20.437214],[-54.686147,-20.437333],[-54.686711,-20.437679],[-54.678912,-20.447127],[-54.668232,-20.445501],[-54.661356,-20.445745],[-54.660656,-20.446044],[-54.657425,-20.440679],[-54.657,-20.439935],[-54.65698,-20.439754],[-54.667306,-20.434553],[-54.667019,-20.434444],[-54.666751,-20.434056],[-54.666388,-20.433762],[-54.666218,-20.433468],[-54.665525,-20.432887]]]}},{"type":"Feature","properties":{"nome":"Centro Oeste","osm_id":"relation/5457952","area_km2":12.169},"geometry":{"type":"Polygon","coordinates":[[[-54.583255,-20.583256],[-54.583712,-20.581844],[-54.584823,-20.577185],[-54.586862,-20.569592],[-54.592131,-20.550422],[-54.592779,-20.547794],[-54.592831,-20.547186],[-54.595684,-20.536963],[-54.596492,-20.533798],[-54.596881,-20.53386],[-54.597456,-20.533645],[-54.597908,-20.533618],[-54.599285,-20.53382],[-54.599946,-20.533604],[-54.600333,-20.533673],[-54.600937,-20.533949],[-54.601776,-20.534502],[-54.601875,-20.534532],[-54.602073,-20.534337],[-54.602764,-20.534341],[-54.603872,-20.534865],[-54.605082,-20.535033],[-54.60527,-20.535185],[-54.605372,-20.535404],[-54.605758,-20.53559],[-54.606358,-20.535228],[-54.607044,-20.535133],[-54.607619,-20.534702],[-54.60821,-20.534631],[-54.608403,-20.53483],[-54.609036,-20.535156],[-54.609139,-20.535447],[-54.609456,-20.53575],[-54.609918,-20.535905],[-54.610512,-20.536603],[-54.610813,-20.53668],[-54.611026,-20.536608],[-54.611239,-20.53665],[-54.611638,-20.536868],[-54.612043,-20.536803],[-54.613155,-20.537228],[-54.614622,-20.537289],[-54.616005,-20.537541],[-54.617021,-20.538146],[-54.618519,-20.538601],[-54.618995,-20.538653],[-54.619315,-20.538831],[-54.619534,-20.538839],[-54.620919,-20.539281],[-54.621239,-20.53922],[-54.621959,-20.538236],[-54.622405,-20.537846],[-54.62334,-20.537402],[-54.623958,-20.537321],[-54.624691,-20.537698],[-54.625627,-20.538506],[-54.626404,-20.538409],[-54.62667,-20.538453],[-54.627341,-20.538264],[-54.627624,-20.538389],[-54.627791,-20.538605],[-54.628002,-20.539283],[-54.628685,-20.539586],[-54.62896,-20.539573],[-54.629504,-20.539729],[-54.629161,-20.540584],[-54.628637,-20.541221],[-54.627697,-20.5416],[-54.627442,-20.541862],[-54.626106,-20.542254],[-54.617638,-20.563912],[-54.615608,-20.563475],[-54.613744,-20.563271],[-54.61184,-20.563249],[-54.609812,-20.56345],[-54.607899,-20.563849],[-54.606908,-20.564171],[-54.604771,-20.565022],[-54.603385,-20.565753],[-54.60148,-20.567052],[-54.597289,-20.57036],[-54.596279,-20.571281],[-54.595418,-20.572261],[-54.594356,-20.573868],[-54.593834,-20.574974],[-54.593418,-20.576181],[-54.592658,-20.579224],[-54.592388,-20.579995],[-54.591827,-20.580997],[-54.591133,-20.581803],[-54.590507,-20.582313],[-54.589805,-20.582744],[-54.588708,-20.583187],[-54.58786,-20.583375],[-54.584134,-20.583377],[-54.583255,-20.583256]]]}},{"type":"Feature","properties":{"nome":"Los Angeles","osm_id":"relation/5457968","area_km2":12.414},"geometry":{"type":"Polygon","coordinates":[[[-54.626106,-20.542254],[-54.627442,-20.541862],[-54.627697,-20.5416],[-54.628637,-20.541221],[-54.629161,-20.540584],[-54.629504,-20.539729],[-54.630087,-20.539827],[-54.630594,-20.539738],[-54.631489,-20.539777],[-54.632951,-20.539193],[-54.633933,-20.538608],[-54.634746,-20.538941],[-54.635472,-20.539004],[-54.637025,-20.539307],[-54.638175,-20.539862],[-54.639516,-20.541033],[-54.640945,-20.541567],[-54.642183,-20.542499],[-54.642519,-20.542559],[-54.642933,-20.542926],[-54.643349,-20.543116],[-54.642567,-20.544897],[-54.641595,-20.546816],[-54.64652,-20.55855],[-54.649175,-20.565309],[-54.650786,-20.565814],[-54.651125,-20.566153],[-54.651289,-20.56651],[-54.651457,-20.566619],[-54.651617,-20.566586],[-54.653022,-20.567209],[-54.653837,-20.567794],[-54.654685,-20.568175],[-54.655139,-20.56825],[-54.655726,-20.568506],[-54.653111,-20.570096],[-54.651505,-20.570758],[-54.635674,-20.575734],[-54.634144,-20.576343],[-54.632405,-20.577198],[-54.632353,-20.577545],[-54.632011,-20.578113],[-54.631687,-20.578412],[-54.631251,-20.579229],[-54.631009,-20.579872],[-54.629927,-20.581467],[-54.6298,-20.581789],[-54.629126,-20.582611],[-54.628541,-20.584087],[-54.628539,-20.584483],[-54.628415,-20.584893],[-54.627718,-20.584317],[-54.627298,-20.583769],[-54.626357,-20.583234],[-54.624657,-20.581892],[-54.624302,-20.581695],[-54.62417,-20.581514],[-54.623922,-20.581407],[-54.623797,-20.581219],[-54.621163,-20.580092],[-54.620196,-20.579604],[-54.619789,-20.579294],[-54.618975,-20.578317],[-54.617024,-20.57644],[-54.615968,-20.575666],[-54.614773,-20.575035],[-54.614149,-20.574499],[-54.613755,-20.57407],[-54.613334,-20.57333],[-54.612921,-20.572841],[-54.611194,-20.571435],[-54.610969,-20.571123],[-54.610285,-20.570517],[-54.610078,-20.57015],[-54.609671,-20.569698],[-54.608151,-20.568912],[-54.607921,-20.568654],[-54.607283,-20.56843],[-54.606256,-20.567904],[-54.604986,-20.566791],[-54.603385,-20.565753],[-54.604771,-20.565022],[-54.606908,-20.564171],[-54.607899,-20.563849],[-54.609812,-20.56345],[-54.61184,-20.563249],[-54.613744,-20.563271],[-54.615608,-20.563475],[-54.617638,-20.563912],[-54.626106,-20.542254]]]}},{"type":"Feature","properties":{"nome":"Alves Pereira","osm_id":"relation/5459419","area_km2":3.484},"geometry":{"type":"Polygon","coordinates":[[[-54.598665,-20.527409],[-54.600179,-20.52301],[-54.602021,-20.516235],[-54.602391,-20.51641],[-54.602768,-20.516795],[-54.603329,-20.516973],[-54.603527,-20.517176],[-54.604434,-20.517698],[-54.604727,-20.517967],[-54.605175,-20.518163],[-54.605375,-20.518096],[-54.605866,-20.518556],[-54.606352,-20.518609],[-54.606755,-20.518781],[-54.606999,-20.519228],[-54.607256,-20.51939],[-54.607538,-20.519848],[-54.607858,-20.520066],[-54.607984,-20.520334],[-54.608406,-20.520849],[-54.608485,-20.521418],[-54.608828,-20.521591],[-54.608997,-20.522039],[-54.609668,-20.522674],[-54.609774,-20.522856],[-54.609789,-20.523156],[-54.610119,-20.523414],[-54.610605,-20.52363],[-54.611135,-20.524349],[-54.611936,-20.525097],[-54.612525,-20.525933],[-54.612658,-20.526423],[-54.612933,-20.526838],[-54.61319,-20.526905],[-54.613368,-20.527096],[-54.613359,-20.527212],[-54.613829,-20.527545],[-54.614423,-20.528193],[-54.615213,-20.528558],[-54.61547,-20.528533],[-54.615659,-20.52864],[-54.615969,-20.529045],[-54.616505,-20.52942],[-54.617016,-20.529909],[-54.617053,-20.53024],[-54.617358,-20.530405],[-54.61749,-20.530614],[-54.617788,-20.530737],[-54.617907,-20.530908],[-54.618413,-20.531026],[-54.618937,-20.530958],[-54.619127,-20.531075],[-54.619866,-20.531125],[-54.620402,-20.531395],[-54.620882,-20.5315],[-54.621128,-20.531726],[-54.621554,-20.531801],[-54.622169,-20.532333],[-54.622445,-20.532691],[-54.622637,-20.533627],[-54.62274,-20.533781],[-54.624236,-20.534977],[-54.624657,-20.53527],[-54.625026,-20.535413],[-54.625697,-20.535526],[-54.627064,-20.536053],[-54.627079,-20.536187],[-54.627457,-20.536558],[-54.627261,-20.537666],[-54.627341,-20.538264],[-54.62667,-20.538453],[-54.626404,-20.538409],[-54.625627,-20.538506],[-54.624691,-20.537698],[-54.623958,-20.537321],[-54.62334,-20.537402],[-54.622405,-20.537846],[-54.621959,-20.538236],[-54.621239,-20.53922],[-54.620919,-20.539281],[-54.619534,-20.538839],[-54.619315,-20.538831],[-54.618995,-20.538653],[-54.618519,-20.538601],[-54.617021,-20.538146],[-54.616005,-20.537541],[-54.614622,-20.537289],[-54.613155,-20.537228],[-54.612043,-20.536803],[-54.611638,-20.536868],[-54.611239,-20.53665],[-54.611026,-20.536608],[-54.610813,-20.53668],[-54.610512,-20.536603],[-54.609918,-20.535905],[-54.609456,-20.53575],[-54.609139,-20.535447],[-54.609036,-20.535156],[-54.608403,-20.53483],[-54.60821,-20.534631],[-54.607619,-20.534702],[-54.607044,-20.535133],[-54.606358,-20.535228],[-54.605758,-20.53559],[-54.605372,-20.535404],[-54.60527,-20.535185],[-54.605082,-20.535033],[-54.603872,-20.534865],[-54.602764,-20.534341],[-54.602073,-20.534337],[-54.601875,-20.534532],[-54.601776,-20.534502],[-54.600937,-20.533949],[-54.600333,-20.533673],[-54.599946,-20.533604],[-54.599285,-20.53382],[-54.597908,-20.533618],[-54.597456,-20.533645],[-54.596881,-20.53386],[-54.596492,-20.533798],[-54.59728,-20.531137],[-54.598419,-20.52788],[-54.598665,-20.527409]]]}},{"type":"Feature","properties":{"nome":"Lageado","osm_id":"relation/5462639","area_km2":4.304},"geometry":{"type":"Polygon","coordinates":[[[-54.665001,-20.562264],[-54.660688,-20.56541],[-54.655726,-20.568506],[-54.655139,-20.56825],[-54.654685,-20.568175],[-54.653837,-20.567794],[-54.653022,-20.567209],[-54.651617,-20.566586],[-54.651457,-20.566619],[-54.651289,-20.56651],[-54.651125,-20.566153],[-54.650786,-20.565814],[-54.649175,-20.565309],[-54.64652,-20.55855],[-54.641595,-20.546816],[-54.642567,-20.544897],[-54.643349,-20.543116],[-54.643555,-20.543257],[-54.643939,-20.543194],[-54.644242,-20.543246],[-54.646033,-20.542907],[-54.646673,-20.542902],[-54.647115,-20.543154],[-54.647652,-20.543331],[-54.648972,-20.54362],[-54.649729,-20.543904],[-54.650558,-20.543848],[-54.651135,-20.543993],[-54.651352,-20.544092],[-54.651494,-20.544311],[-54.651914,-20.544644],[-54.651981,-20.545014],[-54.652362,-20.545263],[-54.653323,-20.545323],[-54.653687,-20.545473],[-54.654139,-20.545827],[-54.65466,-20.546046],[-54.655392,-20.546078],[-54.655716,-20.546266],[-54.655904,-20.546627],[-54.656332,-20.546504],[-54.656712,-20.546747],[-54.657004,-20.54674],[-54.657727,-20.547056],[-54.657902,-20.547007],[-54.658122,-20.546615],[-54.658531,-20.546571],[-54.658771,-20.546697],[-54.658904,-20.547141],[-54.65873,-20.548233],[-54.658773,-20.548543],[-54.658846,-20.548664],[-54.659223,-20.548756],[-54.659537,-20.549068],[-54.659627,-20.549475],[-54.659568,-20.54975],[-54.659926,-20.550462],[-54.6604,-20.552577],[-54.660874,-20.553328],[-54.661199,-20.553682],[-54.661263,-20.55445],[-54.661508,-20.554597],[-54.661858,-20.554553],[-54.662024,-20.554695],[-54.663187,-20.555953],[-54.66379,-20.556741],[-54.664176,-20.557071],[-54.665018,-20.557357],[-54.665546,-20.557628],[-54.665696,-20.557892],[-54.665847,-20.558856],[-54.666181,-20.559694],[-54.667464,-20.560423],[-54.665001,-20.562264]]]}},{"type":"Feature","properties":{"nome":"Nasser","osm_id":"relation/5535722","area_km2":10.167},"geometry":{"type":"Polygon","coordinates":[[[-54.622265,-20.417205],[-54.613848,-20.390657],[-54.616983,-20.38964],[-54.617338,-20.38974],[-54.617636,-20.39032],[-54.618066,-20.390572],[-54.626979,-20.390938],[-54.627067,-20.394292],[-54.633482,-20.400625],[-54.637803,-20.403015],[-54.647042,-20.407694],[-54.655726,-20.412559],[-54.65226,-20.412871],[-54.648413,-20.412474],[-54.646069,-20.415878],[-54.646022,-20.416072],[-54.646132,-20.416177],[-54.646625,-20.419288],[-54.647461,-20.421542],[-54.647567,-20.422069],[-54.645786,-20.427577],[-54.645337,-20.428653],[-54.644587,-20.428893],[-54.639921,-20.4299],[-54.638044,-20.430221],[-54.635156,-20.430966],[-54.634401,-20.431391],[-54.62921,-20.435576],[-54.628444,-20.435983],[-54.628195,-20.435637],[-54.627402,-20.433268],[-54.622265,-20.417205]]]}},{"type":"Feature","properties":{"nome":"Sobrinho","osm_id":"relation/5537936","area_km2":6.253},"geometry":{"type":"Polygon","coordinates":[[[-54.645337,-20.428653],[-54.646135,-20.428303],[-54.64777,-20.427376],[-54.648032,-20.427582],[-54.648147,-20.428009],[-54.647861,-20.440775],[-54.647753,-20.443882],[-54.64758,-20.444542],[-54.647154,-20.463647],[-54.644383,-20.463839],[-54.64372,-20.463989],[-54.642822,-20.464373],[-54.63697,-20.466418],[-54.636828,-20.466277],[-54.635575,-20.463241],[-54.635007,-20.462871],[-54.634062,-20.460655],[-54.633434,-20.452469],[-54.628344,-20.436301],[-54.628444,-20.435983],[-54.62921,-20.435576],[-54.634401,-20.431391],[-54.635156,-20.430966],[-54.638044,-20.430221],[-54.639921,-20.4299],[-54.644587,-20.428893],[-54.645337,-20.428653]]]}},{"type":"Feature","properties":{"nome":"José Abrão","osm_id":"relation/5539941","area_km2":2.122},"geometry":{"type":"Polygon","coordinates":[[[-54.662632,-20.414779],[-54.66722,-20.419284],[-54.661038,-20.420279],[-54.6595,-20.420778],[-54.652858,-20.424422],[-54.646135,-20.428303],[-54.645337,-20.428653],[-54.645786,-20.427577],[-54.647567,-20.422069],[-54.647461,-20.421542],[-54.646625,-20.419288],[-54.646132,-20.416177],[-54.646022,-20.416072],[-54.646069,-20.415878],[-54.648413,-20.412474],[-54.65226,-20.412871],[-54.65991,-20.412143],[-54.662632,-20.414779]]]}},{"type":"Feature","properties":{"nome":"Santo Antônio","osm_id":"relation/5540677","area_km2":3.243},"geometry":{"type":"Polygon","coordinates":[[[-54.64739,-20.453005],[-54.66118,-20.445788],[-54.66802,-20.445494],[-54.670648,-20.445858],[-54.67076,-20.446054],[-54.670941,-20.451174],[-54.670344,-20.452429],[-54.670113,-20.453414],[-54.668893,-20.455084],[-54.669143,-20.455576],[-54.669217,-20.455958],[-54.666378,-20.456562],[-54.664582,-20.457361],[-54.663485,-20.458036],[-54.661644,-20.459503],[-54.661035,-20.459911],[-54.660391,-20.460192],[-54.658876,-20.460461],[-54.657513,-20.460477],[-54.656522,-20.460771],[-54.653622,-20.46204],[-54.651609,-20.46313],[-54.650845,-20.463443],[-54.650187,-20.463565],[-54.647154,-20.463647],[-54.64739,-20.453005]]]}},{"type":"Feature","properties":{"nome":"Santo Amaro","osm_id":"relation/5543521","area_km2":4.783},"geometry":{"type":"Polygon","coordinates":[[[-54.656001,-20.422682],[-54.659227,-20.420911],[-54.660652,-20.420372],[-54.668363,-20.41914],[-54.66884,-20.420997],[-54.661902,-20.422639],[-54.662639,-20.423784],[-54.669442,-20.427688],[-54.665525,-20.432887],[-54.666218,-20.433468],[-54.666388,-20.433762],[-54.666751,-20.434056],[-54.667019,-20.434444],[-54.667306,-20.434553],[-54.65698,-20.439754],[-54.657,-20.439935],[-54.657425,-20.440679],[-54.660656,-20.446044],[-54.64739,-20.453005],[-54.64758,-20.444542],[-54.647753,-20.443882],[-54.647861,-20.440775],[-54.648147,-20.428009],[-54.648032,-20.427582],[-54.64777,-20.427376],[-54.648676,-20.426843],[-54.648647,-20.426798],[-54.656001,-20.422682]]]}},{"type":"Feature","properties":{"nome":"Popular","osm_id":"relation/5546200","area_km2":5.041},"geometry":{"type":"Polygon","coordinates":[[[-54.681248,-20.444276],[-54.686711,-20.437679],[-54.712055,-20.452437],[-54.712371,-20.452653],[-54.712798,-20.453123],[-54.713177,-20.453973],[-54.715267,-20.464484],[-54.708293,-20.461076],[-54.704722,-20.459209],[-54.699908,-20.454347],[-54.699214,-20.453763],[-54.697686,-20.4528],[-54.695996,-20.452074],[-54.695261,-20.451871],[-54.69382,-20.451747],[-54.692801,-20.451804],[-54.69194,-20.451947],[-54.691183,-20.452234],[-54.689269,-20.453483],[-54.688572,-20.453845],[-54.688022,-20.454006],[-54.686998,-20.454154],[-54.686018,-20.454103],[-54.685505,-20.453996],[-54.68162,-20.452707],[-54.68065,-20.452474],[-54.677105,-20.452111],[-54.676065,-20.452109],[-54.675355,-20.452286],[-54.672142,-20.453633],[-54.669086,-20.455439],[-54.668893,-20.455084],[-54.670113,-20.453414],[-54.670344,-20.452429],[-54.670941,-20.451174],[-54.67081,-20.446862],[-54.67076,-20.446054],[-54.670648,-20.445858],[-54.678912,-20.447127],[-54.681248,-20.444276]]]}},{"type":"Feature","properties":{"nome":"Amambaí","osm_id":"relation/5546393","area_km2":2.564},"geometry":{"type":"Polygon","coordinates":[[[-54.626547,-20.476406],[-54.623952,-20.477833],[-54.624055,-20.476522],[-54.623903,-20.475808],[-54.623623,-20.475165],[-54.620523,-20.471008],[-54.62033,-20.470632],[-54.620317,-20.469529],[-54.620632,-20.467489],[-54.619783,-20.464228],[-54.620457,-20.461729],[-54.620517,-20.457843],[-54.624877,-20.458555],[-54.625182,-20.459076],[-54.625651,-20.4596],[-54.626519,-20.460215],[-54.62669,-20.460151],[-54.627236,-20.460345],[-54.629106,-20.46021],[-54.630387,-20.460617],[-54.631046,-20.461165],[-54.631483,-20.461819],[-54.632043,-20.463526],[-54.632236,-20.463805],[-54.63262,-20.463853],[-54.635099,-20.462947],[-54.63556,-20.463212],[-54.636828,-20.466277],[-54.637101,-20.466619],[-54.638678,-20.469469],[-54.626547,-20.476406]]]}},{"type":"Feature","properties":{"nome":"São Francisco","osm_id":"relation/5547384","area_km2":2.739},"geometry":{"type":"Polygon","coordinates":[[[-54.608661,-20.447495],[-54.610103,-20.440055],[-54.609412,-20.439908],[-54.608378,-20.435755],[-54.617525,-20.43743],[-54.618478,-20.437429],[-54.620727,-20.437061],[-54.622114,-20.436172],[-54.627642,-20.433961],[-54.628195,-20.435637],[-54.628444,-20.435983],[-54.628351,-20.4364],[-54.629664,-20.440519],[-54.628811,-20.44126],[-54.624522,-20.44275],[-54.624141,-20.442854],[-54.6236,-20.442633],[-54.623027,-20.442552],[-54.622096,-20.442676],[-54.621602,-20.442884],[-54.621214,-20.443156],[-54.620734,-20.443675],[-54.620403,-20.444427],[-54.620335,-20.445058],[-54.621136,-20.448777],[-54.620601,-20.450714],[-54.620444,-20.450905],[-54.620402,-20.454287],[-54.617618,-20.45379],[-54.617886,-20.452315],[-54.608052,-20.450664],[-54.608661,-20.447495]]]}},{"type":"Feature","properties":{"nome":"Cabreúva","osm_id":"relation/5548758","area_km2":0.772},"geometry":{"type":"Polygon","coordinates":[[[-54.625399,-20.445836],[-54.625299,-20.446],[-54.625304,-20.446267],[-54.625046,-20.446852],[-54.624826,-20.448139],[-54.624838,-20.451469],[-54.624821,-20.452097],[-54.624707,-20.452625],[-54.624773,-20.453511],[-54.624721,-20.457507],[-54.624877,-20.458555],[-54.620517,-20.457843],[-54.62039,-20.456511],[-54.620444,-20.450905],[-54.620601,-20.450714],[-54.621136,-20.448777],[-54.620819,-20.447524],[-54.620691,-20.446494],[-54.620353,-20.445274],[-54.620358,-20.444656],[-54.620524,-20.444042],[-54.620939,-20.443418],[-54.621385,-20.443032],[-54.621841,-20.442769],[-54.622347,-20.442608],[-54.622863,-20.44255],[-54.623795,-20.442699],[-54.624331,-20.442959],[-54.624771,-20.443296],[-54.625233,-20.443898],[-54.625451,-20.444456],[-54.625537,-20.444943],[-54.625497,-20.445555],[-54.625399,-20.445836]]]}},{"type":"Feature","properties":{"nome":"Bandeirantes","osm_id":"relation/5549413","area_km2":1.639},"geometry":{"type":"Polygon","coordinates":[[[-54.638044,-20.480984],[-54.63195,-20.473268],[-54.638678,-20.469469],[-54.648037,-20.485466],[-54.647952,-20.485594],[-54.647941,-20.486404],[-54.647766,-20.487714],[-54.6478,-20.488344],[-54.650296,-20.496264],[-54.650085,-20.496327],[-54.650028,-20.496257],[-54.649594,-20.495557],[-54.638044,-20.480984]]]}},{"type":"Feature","properties":{"nome":"Nova Campo Grande","osm_id":"relation/5614943","area_km2":10.114},"geometry":{"type":"Polygon","coordinates":[[[-54.706328,-20.460064],[-54.706264,-20.460498],[-54.706107,-20.460811],[-54.706211,-20.46125],[-54.706425,-20.46133],[-54.706578,-20.461262],[-54.706683,-20.461047],[-54.706877,-20.460955],[-54.707035,-20.461],[-54.707512,-20.461444],[-54.708173,-20.462547],[-54.709042,-20.462896],[-54.70908,-20.463144],[-54.708897,-20.46338],[-54.708983,-20.463544],[-54.709156,-20.463618],[-54.709237,-20.46357],[-54.709577,-20.463749],[-54.710259,-20.463824],[-54.710603,-20.464019],[-54.711362,-20.465324],[-54.711978,-20.465971],[-54.712143,-20.466392],[-54.712582,-20.466719],[-54.712587,-20.466897],[-54.712938,-20.4677],[-54.713263,-20.467852],[-54.713298,-20.468056],[-54.713408,-20.468178],[-54.71418,-20.468662],[-54.714092,-20.468841],[-54.714124,-20.468983],[-54.714399,-20.469139],[-54.714632,-20.469432],[-54.714555,-20.469588],[-54.714261,-20.469813],[-54.714293,-20.470072],[-54.71412,-20.470403],[-54.714131,-20.470625],[-54.714025,-20.470848],[-54.714194,-20.471469],[-54.713894,-20.471929],[-54.714014,-20.472273],[-54.713934,-20.472555],[-54.714096,-20.472779],[-54.714362,-20.472911],[-54.714683,-20.473573],[-54.714828,-20.474],[-54.714768,-20.474139],[-54.714854,-20.474426],[-54.714801,-20.474793],[-54.715197,-20.475233],[-54.715407,-20.475872],[-54.715471,-20.476428],[-54.71588,-20.476952],[-54.716001,-20.477527],[-54.715927,-20.47777],[-54.716307,-20.478002],[-54.716307,-20.478853],[-54.716665,-20.479424],[-54.716683,-20.479609],[-54.716563,-20.47998],[-54.716561,-20.480672],[-54.71637,-20.480914],[-54.716347,-20.481313],[-54.716527,-20.481575],[-54.716856,-20.481781],[-54.717486,-20.482426],[-54.717715,-20.482754],[-54.717851,-20.483364],[-54.717777,-20.483503],[-54.71807,-20.483912],[-54.718185,-20.484394],[-54.718135,-20.484595],[-54.718185,-20.484797],[-54.718799,-20.485264],[-54.718925,-20.485706],[-54.719824,-20.487298],[-54.720069,-20.487362],[-54.720354,-20.487788],[-54.720972,-20.488132],[-54.721909,-20.489461],[-54.722086,-20.48955],[-54.723261,-20.490753],[-54.723519,-20.491281],[-54.723716,-20.491503],[-54.711037,-20.49725],[-54.706993,-20.491046],[-54.706209,-20.490019],[-54.705796,-20.48978],[-54.701007,-20.481982],[-54.700719,-20.481615],[-54.692337,-20.47239],[-54.688601,-20.468063],[-54.682795,-20.461647],[-54.682434,-20.461392],[-54.678453,-20.456984],[-54.677484,-20.45586],[-54.677365,-20.455443],[-54.670729,-20.455774],[-54.669217,-20.455958],[-54.669086,-20.455439],[-54.672142,-20.453633],[-54.675355,-20.452286],[-54.676065,-20.452109],[-54.677105,-20.452111],[-54.68065,-20.452474],[-54.68162,-20.452707],[-54.685505,-20.453996],[-54.686018,-20.454103],[-54.686998,-20.454154],[-54.688022,-20.454006],[-54.688572,-20.453845],[-54.689269,-20.453483],[-54.691183,-20.452234],[-54.69194,-20.451947],[-54.69328,-20.451764],[-54.694756,-20.45179],[-54.695503,-20.451928],[-54.696764,-20.45237],[-54.698067,-20.453002],[-54.699214,-20.453763],[-54.699908,-20.454347],[-54.704533,-20.459063],[-54.706328,-20.460064]]]}},{"type":"Feature","properties":{"nome":"Taveirópolis","osm_id":"relation/5636496","area_km2":12.167},"geometry":{"type":"Polygon","coordinates":[[[-54.666866,-20.45644],[-54.669217,-20.455958],[-54.670729,-20.455774],[-54.677365,-20.455443],[-54.677484,-20.45586],[-54.678453,-20.456984],[-54.682434,-20.461392],[-54.682795,-20.461647],[-54.688601,-20.468063],[-54.692337,-20.47239],[-54.700871,-20.481816],[-54.689409,-20.486382],[-54.682226,-20.489408],[-54.671186,-20.481911],[-54.669356,-20.478998],[-54.664107,-20.471011],[-54.657062,-20.471075],[-54.657096,-20.471479],[-54.656933,-20.471917],[-54.65696,-20.472328],[-54.656773,-20.472961],[-54.656691,-20.474113],[-54.656515,-20.474632],[-54.656617,-20.475255],[-54.655895,-20.476517],[-54.655616,-20.476762],[-54.655397,-20.477326],[-54.655099,-20.477032],[-54.654862,-20.476599],[-54.654646,-20.476494],[-54.653359,-20.476693],[-54.644849,-20.480034],[-54.638459,-20.469095],[-54.63697,-20.466418],[-54.64412,-20.463884],[-54.646301,-20.463689],[-54.650187,-20.463565],[-54.650845,-20.463443],[-54.651609,-20.46313],[-54.653622,-20.46204],[-54.656522,-20.460771],[-54.657513,-20.460477],[-54.659638,-20.460376],[-54.660391,-20.460192],[-54.661035,-20.459911],[-54.663485,-20.458036],[-54.664582,-20.457361],[-54.666378,-20.456562],[-54.666866,-20.45644]]]}},{"type":"Feature","properties":{"nome":"Caiçara","osm_id":"relation/5639970","area_km2":1.445},"geometry":{"type":"Polygon","coordinates":[[[-54.655757,-20.482943],[-54.655864,-20.483191],[-54.65616,-20.483309],[-54.656335,-20.483529],[-54.656354,-20.483589],[-54.656144,-20.483794],[-54.656167,-20.483987],[-54.656307,-20.484147],[-54.65635,-20.484409],[-54.65673,-20.485323],[-54.656843,-20.485429],[-54.657101,-20.486175],[-54.658201,-20.48749],[-54.658627,-20.487786],[-54.659718,-20.489239],[-54.661121,-20.49081],[-54.66132,-20.490944],[-54.661483,-20.491321],[-54.661057,-20.491386],[-54.652415,-20.490875],[-54.651343,-20.491076],[-54.644849,-20.480034],[-54.653359,-20.476693],[-54.654646,-20.476494],[-54.654862,-20.476599],[-54.655099,-20.477032],[-54.655397,-20.477326],[-54.655538,-20.477766],[-54.655499,-20.479396],[-54.655317,-20.479965],[-54.655221,-20.48006],[-54.655375,-20.480364],[-54.655297,-20.481029],[-54.655469,-20.481504],[-54.655354,-20.481697],[-54.655439,-20.481941],[-54.655346,-20.482103],[-54.65546,-20.482213],[-54.65548,-20.482484],[-54.655757,-20.482943]]]}},{"type":"Feature","properties":{"nome":"Cidade Nova","osm_id":"relation/5648288","area_km2":0.065},"geometry":{"type":"Polygon","coordinates":[[[-54.615709,-20.537466],[-54.614622,-20.537289],[-54.613155,-20.537228],[-54.61245,-20.536958],[-54.614648,-20.534448],[-54.615626,-20.536079],[-54.615612,-20.536341],[-54.616087,-20.536816],[-54.615709,-20.537466]]]}},{"type":"Feature","properties":{"nome":"Jardim Macapá","osm_id":"relation/5648582","area_km2":0.09},"geometry":{"type":"Polygon","coordinates":[[[-54.616181,-20.532787],[-54.61743,-20.531424],[-54.620739,-20.532545],[-54.618683,-20.534801],[-54.616181,-20.532787]]]}},{"type":"Feature","properties":{"nome":"Núcleo Habitacional Universitária","osm_id":"relation/5648642","area_km2":0.523},"geometry":{"type":"Polygon","coordinates":[[[-54.615709,-20.537466],[-54.616087,-20.536816],[-54.615612,-20.536341],[-54.615626,-20.536079],[-54.614648,-20.534448],[-54.616181,-20.532787],[-54.618683,-20.534801],[-54.621365,-20.531779],[-54.621554,-20.531801],[-54.621741,-20.531942],[-54.622445,-20.532691],[-54.622637,-20.533627],[-54.62274,-20.533781],[-54.624657,-20.53527],[-54.625026,-20.535413],[-54.625697,-20.535526],[-54.626244,-20.535762],[-54.624511,-20.537605],[-54.623958,-20.537321],[-54.62334,-20.537402],[-54.622405,-20.537846],[-54.621959,-20.538236],[-54.621358,-20.539083],[-54.621101,-20.53929],[-54.620712,-20.539237],[-54.619534,-20.538839],[-54.619315,-20.538831],[-54.618995,-20.538653],[-54.618519,-20.538601],[-54.617021,-20.538146],[-54.616005,-20.537541],[-54.615709,-20.537466]]]}},{"type":"Feature","properties":{"nome":"Parati","osm_id":"relation/5649815","area_km2":2.46},"geometry":{"type":"Polygon","coordinates":[[[-54.634636,-20.51464],[-54.634542,-20.515357],[-54.634837,-20.525089],[-54.632541,-20.523962],[-54.628601,-20.521769],[-54.628489,-20.518412],[-54.626154,-20.516372],[-54.623594,-20.512999],[-54.622751,-20.511401],[-54.620688,-20.507083],[-54.620357,-20.506696],[-54.619788,-20.505746],[-54.619668,-20.505274],[-54.619424,-20.504999],[-54.61919,-20.504456],[-54.619013,-20.504261],[-54.618953,-20.503586],[-54.619113,-20.503572],[-54.619372,-20.503339],[-54.619439,-20.503034],[-54.619817,-20.502974],[-54.620524,-20.502664],[-54.622213,-20.50255],[-54.62253,-20.502423],[-54.622774,-20.502435],[-54.623788,-20.502195],[-54.626016,-20.50219],[-54.626877,-20.502345],[-54.628101,-20.502789],[-54.628567,-20.502854],[-54.628585,-20.503046],[-54.628914,-20.503229],[-54.629746,-20.503294],[-54.630433,-20.503615],[-54.631337,-20.503794],[-54.632189,-20.50414],[-54.632643,-20.504186],[-54.633122,-20.504442],[-54.634572,-20.504655],[-54.634485,-20.505459],[-54.6343,-20.50574],[-54.634407,-20.506787],[-54.634636,-20.51464]]]}},{"type":"Feature","properties":{"nome":"Aero Rancho","osm_id":"relation/5649882","area_km2":6.595},"geometry":{"type":"Polygon","coordinates":[[[-54.634636,-20.51464],[-54.634407,-20.506787],[-54.6343,-20.50574],[-54.634485,-20.505459],[-54.634572,-20.504655],[-54.635437,-20.504577],[-54.637333,-20.504137],[-54.639647,-20.503841],[-54.640919,-20.503823],[-54.641103,-20.504631],[-54.641449,-20.505032],[-54.641721,-20.505152],[-54.643339,-20.505468],[-54.646102,-20.506291],[-54.647266,-20.506994],[-54.648603,-20.508003],[-54.651229,-20.509756],[-54.654117,-20.508963],[-54.660688,-20.530095],[-54.661635,-20.532579],[-54.66146,-20.532638],[-54.661017,-20.533015],[-54.654834,-20.535105],[-54.64528,-20.530964],[-54.6344,-20.525873],[-54.634837,-20.525089],[-54.634849,-20.524647],[-54.6346,-20.518247],[-54.634542,-20.515357],[-54.634636,-20.51464]]]}},{"type":"Feature","properties":{"nome":"União","osm_id":"relation/5670223","area_km2":3.015},"geometry":{"type":"Polygon","coordinates":[[[-54.673433,-20.485107],[-54.673823,-20.485871],[-54.67402,-20.486031],[-54.674021,-20.486476],[-54.674133,-20.486848],[-54.674477,-20.487355],[-54.674255,-20.487767],[-54.67447,-20.488303],[-54.67438,-20.489148],[-54.674713,-20.489882],[-54.674708,-20.490522],[-54.674538,-20.49059],[-54.671643,-20.490275],[-54.671191,-20.489974],[-54.668169,-20.489816],[-54.667203,-20.489677],[-54.661483,-20.491321],[-54.66132,-20.490944],[-54.661121,-20.49081],[-54.659718,-20.489239],[-54.658627,-20.487786],[-54.658201,-20.48749],[-54.657101,-20.486175],[-54.656843,-20.485429],[-54.65673,-20.485323],[-54.65635,-20.484409],[-54.656307,-20.484147],[-54.656167,-20.483987],[-54.656144,-20.483794],[-54.656354,-20.483589],[-54.656335,-20.483529],[-54.65616,-20.483309],[-54.655864,-20.483191],[-54.65548,-20.482484],[-54.65546,-20.482213],[-54.655346,-20.482103],[-54.655439,-20.481941],[-54.655354,-20.481697],[-54.655469,-20.481504],[-54.655297,-20.481029],[-54.655375,-20.480364],[-54.655221,-20.48006],[-54.655317,-20.479965],[-54.655499,-20.479396],[-54.65554,-20.478709],[-54.655485,-20.47856],[-54.655571,-20.478082],[-54.655397,-20.477326],[-54.655616,-20.476762],[-54.655895,-20.476517],[-54.656617,-20.475255],[-54.656515,-20.474632],[-54.656691,-20.474113],[-54.656773,-20.472961],[-54.65696,-20.472328],[-54.656933,-20.471917],[-54.657096,-20.471479],[-54.657062,-20.471075],[-54.664107,-20.471011],[-54.669356,-20.478998],[-54.671186,-20.481911],[-54.673433,-20.485107]]]}},{"type":"Feature","properties":{"nome":"Jockey Club","osm_id":"relation/5672764","area_km2":1.541},"geometry":{"type":"Polygon","coordinates":[[[-54.633996,-20.488753],[-54.6283,-20.491334],[-54.629228,-20.492424],[-54.621634,-20.495806],[-54.619418,-20.491354],[-54.62121,-20.489645],[-54.621707,-20.488909],[-54.621927,-20.48835],[-54.623952,-20.477833],[-54.626791,-20.476281],[-54.627736,-20.479203],[-54.628001,-20.480919],[-54.628054,-20.482131],[-54.62821,-20.48281],[-54.628663,-20.483439],[-54.629157,-20.483818],[-54.629508,-20.483966],[-54.631156,-20.484359],[-54.631932,-20.484877],[-54.632335,-20.485432],[-54.632613,-20.486212],[-54.63318,-20.487028],[-54.633789,-20.488195],[-54.633996,-20.488753]]]}},{"type":"Feature","properties":{"nome":"Leblon","osm_id":"relation/5677969","area_km2":2.963},"geometry":{"type":"Polygon","coordinates":[[[-54.668418,-20.498865],[-54.668032,-20.499906],[-54.668074,-20.500012],[-54.667902,-20.500608],[-54.668142,-20.501372],[-54.665837,-20.502014],[-54.665785,-20.502085],[-54.658347,-20.50402],[-54.65817,-20.503463],[-54.652716,-20.504416],[-54.650188,-20.496297],[-54.650296,-20.496264],[-54.6478,-20.488344],[-54.647766,-20.487714],[-54.647993,-20.485521],[-54.648037,-20.485466],[-54.651343,-20.491076],[-54.652415,-20.490875],[-54.661057,-20.491386],[-54.661887,-20.491221],[-54.667203,-20.489677],[-54.668169,-20.489816],[-54.671191,-20.489974],[-54.671643,-20.490275],[-54.674538,-20.49059],[-54.67447,-20.490688],[-54.674088,-20.49081],[-54.674073,-20.491186],[-54.673697,-20.491523],[-54.673687,-20.491783],[-54.673296,-20.49219],[-54.673133,-20.492574],[-54.67296,-20.492751],[-54.67292,-20.493113],[-54.672806,-20.493231],[-54.672785,-20.493464],[-54.672686,-20.493592],[-54.67226,-20.494017],[-54.672035,-20.494083],[-54.671882,-20.494413],[-54.671645,-20.494351],[-54.671481,-20.494502],[-54.671266,-20.494837],[-54.66891,-20.497374],[-54.668717,-20.497666],[-54.66875,-20.498164],[-54.668638,-20.498248],[-54.668418,-20.498865]]]}},{"type":"Feature","properties":{"nome":"Taquarussú","osm_id":"relation/5678090","area_km2":1.058},"geometry":{"type":"Polygon","coordinates":[[[-54.628105,-20.482405],[-54.628001,-20.480919],[-54.627736,-20.479203],[-54.626791,-20.476281],[-54.63195,-20.473268],[-54.638044,-20.480984],[-54.633996,-20.488753],[-54.633789,-20.488195],[-54.63318,-20.487028],[-54.632613,-20.486212],[-54.632335,-20.485432],[-54.631932,-20.484877],[-54.631156,-20.484359],[-54.629508,-20.483966],[-54.62887,-20.483645],[-54.62821,-20.48281],[-54.628105,-20.482405]]]}},{"type":"Feature","properties":{"nome":"Jacy","osm_id":"relation/5678120","area_km2":1.005},"geometry":{"type":"Polygon","coordinates":[[[-54.634159,-20.488434],[-54.638044,-20.480984],[-54.645539,-20.490409],[-54.643364,-20.491954],[-54.639482,-20.495956],[-54.638616,-20.494922],[-54.636335,-20.492839],[-54.634097,-20.488962],[-54.633996,-20.488753],[-54.634159,-20.488434]]]}},{"type":"Feature","properties":{"nome":"Guanandi","osm_id":"relation/5682565","area_km2":1.848},"geometry":{"type":"Polygon","coordinates":[[[-54.649742,-20.495759],[-54.650028,-20.496257],[-54.650085,-20.496327],[-54.650188,-20.496297],[-54.650278,-20.496492],[-54.654117,-20.508963],[-54.651229,-20.509756],[-54.648603,-20.508003],[-54.647266,-20.506994],[-54.646102,-20.506291],[-54.643339,-20.505468],[-54.641721,-20.505152],[-54.641276,-20.504877],[-54.641103,-20.504631],[-54.640964,-20.504121],[-54.640427,-20.501233],[-54.640321,-20.50007],[-54.639482,-20.495956],[-54.643364,-20.491954],[-54.645539,-20.490409],[-54.649742,-20.495759]]]}},{"type":"Feature","properties":{"nome":"Piratininga","osm_id":"relation/5682629","area_km2":2.833},"geometry":{"type":"Polygon","coordinates":[[[-54.621634,-20.495806],[-54.629228,-20.492424],[-54.6283,-20.491334],[-54.633996,-20.488753],[-54.636335,-20.492839],[-54.638616,-20.494922],[-54.639482,-20.495956],[-54.640321,-20.50007],[-54.640427,-20.501233],[-54.640919,-20.503823],[-54.639647,-20.503841],[-54.637333,-20.504137],[-54.635437,-20.504577],[-54.634686,-20.504663],[-54.633122,-20.504442],[-54.632643,-20.504186],[-54.632189,-20.50414],[-54.631337,-20.503794],[-54.630433,-20.503615],[-54.629746,-20.503294],[-54.628914,-20.503229],[-54.628585,-20.503046],[-54.628567,-20.502854],[-54.628101,-20.502789],[-54.626877,-20.502345],[-54.626016,-20.50219],[-54.623788,-20.502195],[-54.622774,-20.502435],[-54.62253,-20.502423],[-54.622213,-20.50255],[-54.620954,-20.502622],[-54.620919,-20.502029],[-54.620227,-20.502081],[-54.620296,-20.501596],[-54.619195,-20.501479],[-54.618808,-20.501578],[-54.618533,-20.501401],[-54.618086,-20.50127],[-54.617515,-20.500175],[-54.6157,-20.496116],[-54.615444,-20.495903],[-54.615436,-20.495705],[-54.615247,-20.495375],[-54.614587,-20.495071],[-54.615437,-20.494641],[-54.619418,-20.491354],[-54.621634,-20.495806]]]}},{"type":"Feature","properties":{"nome":"Tijuca","osm_id":"relation/5682700","area_km2":3.403},"geometry":{"type":"Polygon","coordinates":[[[-54.65817,-20.503463],[-54.658347,-20.50402],[-54.665785,-20.502085],[-54.665837,-20.502014],[-54.668142,-20.501372],[-54.668138,-20.501886],[-54.668597,-20.503543],[-54.669381,-20.50486],[-54.669446,-20.505215],[-54.66981,-20.505467],[-54.669832,-20.50582],[-54.670417,-20.506456],[-54.671485,-20.508934],[-54.671591,-20.50931],[-54.671534,-20.509648],[-54.671819,-20.510092],[-54.67174,-20.510518],[-54.672,-20.511084],[-54.672,-20.511453],[-54.672182,-20.511727],[-54.672224,-20.512051],[-54.672584,-20.512658],[-54.67252,-20.512864],[-54.672642,-20.513201],[-54.672616,-20.51345],[-54.673016,-20.513651],[-54.673327,-20.514431],[-54.673289,-20.514784],[-54.67357,-20.515139],[-54.673605,-20.515617],[-54.673704,-20.515715],[-54.673975,-20.515597],[-54.674363,-20.516485],[-54.67507,-20.51776],[-54.658315,-20.522464],[-54.652716,-20.504416],[-54.65817,-20.503463]]]}},{"type":"Feature","properties":{"nome":"Batistão","osm_id":"relation/5683977","area_km2":2.083},"geometry":{"type":"Polygon","coordinates":[[[-54.676285,-20.524263],[-54.676337,-20.524562],[-54.676794,-20.524905],[-54.676876,-20.52507],[-54.676853,-20.525646],[-54.676971,-20.525878],[-54.676966,-20.52633],[-54.676791,-20.526829],[-54.677027,-20.527246],[-54.676869,-20.528097],[-54.661635,-20.532579],[-54.660688,-20.530095],[-54.658315,-20.522464],[-54.67507,-20.51776],[-54.675648,-20.519031],[-54.675772,-20.519585],[-54.676311,-20.520662],[-54.676265,-20.52084],[-54.676419,-20.521447],[-54.676442,-20.522399],[-54.676177,-20.522839],[-54.676357,-20.523741],[-54.676285,-20.524263]]]}},{"type":"Feature","properties":{"nome":"Coophavila II","osm_id":"relation/5684033","area_km2":1.881},"geometry":{"type":"Polygon","coordinates":[[[-54.680249,-20.538165],[-54.664662,-20.542184],[-54.661635,-20.532579],[-54.676869,-20.528097],[-54.676752,-20.528758],[-54.67675,-20.529353],[-54.677073,-20.53021],[-54.677359,-20.530625],[-54.677786,-20.531968],[-54.677954,-20.532117],[-54.678519,-20.533946],[-54.678793,-20.534035],[-54.678913,-20.534189],[-54.678942,-20.534383],[-54.678664,-20.534643],[-54.678787,-20.534909],[-54.679022,-20.535077],[-54.679038,-20.53532],[-54.679489,-20.535979],[-54.679512,-20.53617],[-54.67977,-20.536673],[-54.679796,-20.536885],[-54.679699,-20.537219],[-54.679806,-20.537588],[-54.680249,-20.538165]]]}},{"type":"Feature","properties":{"nome":"Tarumã","osm_id":"relation/5684280","area_km2":2.908},"geometry":{"type":"Polygon","coordinates":[[[-54.686856,-20.54997],[-54.675947,-20.554188],[-54.674414,-20.55508],[-54.67292,-20.556272],[-54.668047,-20.55165],[-54.667312,-20.550535],[-54.666931,-20.549633],[-54.664662,-20.542184],[-54.680249,-20.538165],[-54.680549,-20.538857],[-54.681018,-20.539306],[-54.681397,-20.539533],[-54.682533,-20.541253],[-54.682814,-20.541313],[-54.683083,-20.541601],[-54.683209,-20.541783],[-54.683359,-20.542325],[-54.683997,-20.543129],[-54.684198,-20.543262],[-54.684254,-20.543434],[-54.684101,-20.543567],[-54.684089,-20.543683],[-54.684749,-20.544183],[-54.685108,-20.544823],[-54.685396,-20.545089],[-54.685578,-20.545154],[-54.685599,-20.545305],[-54.686072,-20.54585],[-54.686556,-20.546169],[-54.686586,-20.546237],[-54.686394,-20.546472],[-54.686351,-20.546653],[-54.686378,-20.547017],[-54.686645,-20.547601],[-54.686684,-20.548017],[-54.687,-20.548174],[-54.687085,-20.548799],[-54.687,-20.54892],[-54.686957,-20.549427],[-54.687214,-20.549784],[-54.686856,-20.54997]]]}},{"type":"Feature","properties":{"nome":"São Conrado","osm_id":"relation/5684376","area_km2":8.339},"geometry":{"type":"Polygon","coordinates":[[[-54.67402,-20.486031],[-54.673823,-20.485871],[-54.673433,-20.485107],[-54.671186,-20.481911],[-54.682226,-20.489408],[-54.689409,-20.486382],[-54.700871,-20.481816],[-54.705796,-20.48978],[-54.706209,-20.490019],[-54.706993,-20.491046],[-54.711037,-20.49725],[-54.69529,-20.504335],[-54.694853,-20.50327],[-54.672014,-20.511331],[-54.671958,-20.510952],[-54.67174,-20.510518],[-54.671819,-20.510092],[-54.671534,-20.509648],[-54.671591,-20.50931],[-54.671538,-20.509087],[-54.670923,-20.507726],[-54.670843,-20.507378],[-54.67031,-20.50629],[-54.669832,-20.50582],[-54.66981,-20.505467],[-54.669446,-20.505215],[-54.669381,-20.50486],[-54.66875,-20.503843],[-54.668433,-20.503126],[-54.668101,-20.50169],[-54.668142,-20.501372],[-54.667902,-20.500608],[-54.668074,-20.500012],[-54.66805,-20.499854],[-54.668638,-20.498248],[-54.66875,-20.498164],[-54.668717,-20.497666],[-54.66891,-20.497374],[-54.671266,-20.494837],[-54.671481,-20.494502],[-54.671645,-20.494351],[-54.671882,-20.494413],[-54.672035,-20.494083],[-54.67226,-20.494017],[-54.672686,-20.493592],[-54.672785,-20.493464],[-54.672806,-20.493231],[-54.67292,-20.493113],[-54.67296,-20.492751],[-54.673133,-20.492574],[-54.673296,-20.49219],[-54.673687,-20.491783],[-54.673697,-20.491523],[-54.674073,-20.491186],[-54.674088,-20.49081],[-54.67447,-20.490688],[-54.674566,-20.490543],[-54.674757,-20.490479],[-54.674713,-20.489882],[-54.67438,-20.489148],[-54.67447,-20.488303],[-54.674255,-20.487767],[-54.674477,-20.487355],[-54.674133,-20.486848],[-54.674021,-20.486476],[-54.67402,-20.486031]]]}},{"type":"Feature","properties":{"nome":"Caiobá","osm_id":"relation/5684639","area_km2":11.325},"geometry":{"type":"Polygon","coordinates":[[[-54.694853,-20.50327],[-54.70258,-20.521533],[-54.702769,-20.521729],[-54.706182,-20.529751],[-54.707587,-20.53328],[-54.70084,-20.541369],[-54.699753,-20.542394],[-54.694832,-20.545549],[-54.694211,-20.545795],[-54.693208,-20.546967],[-54.692082,-20.547831],[-54.691251,-20.548284],[-54.690286,-20.548681],[-54.687214,-20.549784],[-54.686957,-20.549427],[-54.687,-20.54892],[-54.687085,-20.548799],[-54.687,-20.548174],[-54.686684,-20.548017],[-54.686645,-20.547601],[-54.686378,-20.547017],[-54.686351,-20.546653],[-54.686394,-20.546472],[-54.686586,-20.546237],[-54.686556,-20.546169],[-54.686072,-20.54585],[-54.685599,-20.545305],[-54.685578,-20.545154],[-54.685396,-20.545089],[-54.685108,-20.544823],[-54.684749,-20.544183],[-54.684089,-20.543683],[-54.684101,-20.543567],[-54.684254,-20.543434],[-54.684198,-20.543262],[-54.683997,-20.543129],[-54.683359,-20.542325],[-54.683209,-20.541783],[-54.683083,-20.541601],[-54.682814,-20.541313],[-54.682533,-20.541253],[-54.681397,-20.539533],[-54.681018,-20.539306],[-54.680549,-20.538857],[-54.680249,-20.538165],[-54.679806,-20.537588],[-54.679699,-20.537219],[-54.679796,-20.536885],[-54.67977,-20.536673],[-54.679415,-20.535836],[-54.679038,-20.53532],[-54.679022,-20.535077],[-54.678787,-20.534909],[-54.678664,-20.534643],[-54.678942,-20.534383],[-54.678913,-20.534189],[-54.678793,-20.534035],[-54.678519,-20.533946],[-54.677954,-20.532117],[-54.677786,-20.531968],[-54.677359,-20.530625],[-54.677073,-20.53021],[-54.67675,-20.529353],[-54.676752,-20.528758],[-54.677027,-20.527246],[-54.676791,-20.526829],[-54.676966,-20.52633],[-54.676971,-20.525878],[-54.676853,-20.525646],[-54.676876,-20.52507],[-54.676794,-20.524905],[-54.676337,-20.524562],[-54.676296,-20.524404],[-54.676357,-20.523741],[-54.676177,-20.522839],[-54.676442,-20.522399],[-54.676419,-20.521447],[-54.676265,-20.52084],[-54.676311,-20.520662],[-54.675772,-20.519585],[-54.675648,-20.519031],[-54.675116,-20.517802],[-54.674363,-20.516485],[-54.674111,-20.515832],[-54.673975,-20.515597],[-54.673704,-20.515715],[-54.673605,-20.515617],[-54.67357,-20.515139],[-54.673289,-20.514784],[-54.673327,-20.514431],[-54.673016,-20.513651],[-54.672616,-20.51345],[-54.672642,-20.513201],[-54.67252,-20.512864],[-54.672546,-20.512509],[-54.672224,-20.512051],[-54.672182,-20.511727],[-54.672,-20.511453],[-54.672014,-20.511331],[-54.694853,-20.50327]]]}},{"type":"Feature","properties":{"nome":"Núcleo Industrial","osm_id":"relation/5690690","area_km2":27.671},"geometry":{"type":"Polygon","coordinates":[[[-54.706433,-20.460108],[-54.715267,-20.464484],[-54.714124,-20.458691],[-54.743428,-20.472738],[-54.762258,-20.474229],[-54.761599,-20.481685],[-54.755612,-20.494165],[-54.734972,-20.517254],[-54.727916,-20.522136],[-54.707587,-20.53328],[-54.706182,-20.529751],[-54.702769,-20.521729],[-54.70258,-20.521533],[-54.69529,-20.504335],[-54.723716,-20.491503],[-54.723519,-20.491281],[-54.723261,-20.490753],[-54.722086,-20.48955],[-54.721909,-20.489461],[-54.720972,-20.488132],[-54.720354,-20.487788],[-54.720069,-20.487362],[-54.719824,-20.487298],[-54.718925,-20.485706],[-54.718799,-20.485264],[-54.718185,-20.484797],[-54.718135,-20.484595],[-54.718185,-20.484394],[-54.71807,-20.483912],[-54.717777,-20.483503],[-54.717851,-20.483364],[-54.717715,-20.482754],[-54.717486,-20.482426],[-54.716856,-20.481781],[-54.716527,-20.481575],[-54.716347,-20.481313],[-54.71637,-20.480914],[-54.716561,-20.480672],[-54.716563,-20.47998],[-54.716683,-20.479609],[-54.716665,-20.479424],[-54.716307,-20.478853],[-54.716307,-20.478002],[-54.715927,-20.47777],[-54.716001,-20.477527],[-54.71588,-20.476952],[-54.715471,-20.476428],[-54.715407,-20.475872],[-54.715197,-20.475233],[-54.714801,-20.474793],[-54.714854,-20.474426],[-54.714768,-20.474139],[-54.714828,-20.474],[-54.714683,-20.473573],[-54.714362,-20.472911],[-54.714096,-20.472779],[-54.713934,-20.472555],[-54.714014,-20.472273],[-54.713894,-20.471929],[-54.714194,-20.471469],[-54.714025,-20.470848],[-54.714131,-20.470625],[-54.71412,-20.470403],[-54.714293,-20.470072],[-54.714261,-20.469813],[-54.714555,-20.469588],[-54.714632,-20.469432],[-54.714399,-20.469139],[-54.714124,-20.468983],[-54.714092,-20.468841],[-54.71418,-20.468662],[-54.713408,-20.468178],[-54.713298,-20.468056],[-54.713263,-20.467852],[-54.712938,-20.4677],[-54.712587,-20.466897],[-54.712582,-20.466719],[-54.712143,-20.466392],[-54.711978,-20.465971],[-54.711362,-20.465324],[-54.710603,-20.464019],[-54.710259,-20.463824],[-54.709577,-20.463749],[-54.709237,-20.46357],[-54.709156,-20.463618],[-54.708983,-20.463544],[-54.708897,-20.46338],[-54.70908,-20.463144],[-54.709042,-20.462896],[-54.708173,-20.462547],[-54.707512,-20.461444],[-54.707035,-20.461],[-54.706877,-20.460955],[-54.706683,-20.461047],[-54.706578,-20.461262],[-54.706425,-20.46133],[-54.706211,-20.46125],[-54.706107,-20.460811],[-54.706264,-20.460498],[-54.706302,-20.46012],[-54.706328,-20.460064],[-54.706433,-20.460108]]]}},{"type":"Feature","properties":{"nome":"América","osm_id":"relation/5694140","area_km2":1.116},"geometry":{"type":"Polygon","coordinates":[[[-54.623088,-20.478322],[-54.623952,-20.477833],[-54.621996,-20.488074],[-54.621573,-20.489148],[-54.620754,-20.490143],[-54.619418,-20.491354],[-54.615184,-20.494821],[-54.614587,-20.495071],[-54.6142,-20.495146],[-54.61333,-20.495234],[-54.613009,-20.495135],[-54.615219,-20.483921],[-54.615218,-20.483088],[-54.615632,-20.48255],[-54.623088,-20.478322]]]}},{"type":"Feature","properties":{"nome":"Autonomista","osm_id":"relation/5694199","area_km2":2.138},"geometry":{"type":"Polygon","coordinates":[[[-54.597993,-20.438002],[-54.598566,-20.438923],[-54.598658,-20.439306],[-54.598695,-20.439872],[-54.598578,-20.441382],[-54.598485,-20.441765],[-54.598302,-20.442098],[-54.595007,-20.445329],[-54.594186,-20.449189],[-54.593062,-20.448988],[-54.592931,-20.449599],[-54.58914,-20.448957],[-54.585098,-20.448389],[-54.585511,-20.44654],[-54.58424,-20.446468],[-54.583918,-20.446556],[-54.583257,-20.44645],[-54.581424,-20.446529],[-54.581357,-20.445172],[-54.58151,-20.444885],[-54.581629,-20.444041],[-54.581867,-20.443704],[-54.58184,-20.443362],[-54.58199,-20.442462],[-54.581798,-20.441643],[-54.581728,-20.440737],[-54.580877,-20.438002],[-54.580654,-20.437758],[-54.580687,-20.437504],[-54.580836,-20.437378],[-54.580796,-20.437179],[-54.58054,-20.436586],[-54.580372,-20.436476],[-54.58082,-20.436416],[-54.58265,-20.436493],[-54.58663,-20.435773],[-54.587201,-20.435769],[-54.59334,-20.436987],[-54.596094,-20.435926],[-54.597993,-20.438002]]]}},{"type":"Feature","properties":{"nome":"Jardim Paulista","osm_id":"relation/5694594","area_km2":1.296},"geometry":{"type":"Polygon","coordinates":[[[-54.60939,-20.494084],[-54.608929,-20.493944],[-54.60856,-20.493686],[-54.607744,-20.492646],[-54.606988,-20.49204],[-54.606067,-20.491785],[-54.604868,-20.491749],[-54.604266,-20.491572],[-54.603723,-20.491555],[-54.603388,-20.491355],[-54.603311,-20.49123],[-54.602954,-20.491113],[-54.604023,-20.489771],[-54.606727,-20.480695],[-54.61436,-20.482569],[-54.614672,-20.482693],[-54.615218,-20.483088],[-54.615219,-20.483921],[-54.613009,-20.495135],[-54.610361,-20.494143],[-54.60939,-20.494084]]]}},{"type":"Feature","properties":{"nome":"Planalto","osm_id":"relation/5694639","area_km2":1.757},"geometry":{"type":"Polygon","coordinates":[[[-54.626641,-20.442017],[-54.628811,-20.44126],[-54.629664,-20.440519],[-54.633434,-20.452469],[-54.634041,-20.46057],[-54.635007,-20.462871],[-54.635099,-20.462947],[-54.63262,-20.463853],[-54.632236,-20.463805],[-54.632043,-20.463526],[-54.631483,-20.461819],[-54.631046,-20.461165],[-54.63064,-20.460779],[-54.629982,-20.460439],[-54.629106,-20.46021],[-54.627236,-20.460345],[-54.62669,-20.460151],[-54.626519,-20.460215],[-54.625934,-20.45984],[-54.625411,-20.459354],[-54.625019,-20.458839],[-54.62483,-20.458384],[-54.624721,-20.457507],[-54.624773,-20.453511],[-54.624707,-20.452625],[-54.624821,-20.452097],[-54.624838,-20.451469],[-54.624826,-20.448139],[-54.625046,-20.446852],[-54.625304,-20.446267],[-54.625299,-20.446],[-54.625497,-20.445555],[-54.625537,-20.444943],[-54.625318,-20.44407],[-54.625077,-20.443648],[-54.624771,-20.443296],[-54.624141,-20.442854],[-54.626641,-20.442017]]]}},{"type":"Feature","properties":{"nome":"Portal do Gramado","osm_id":"relation/5726304","area_km2":0.093},"geometry":{"type":"Polygon","coordinates":[[[-54.615862,-20.4279],[-54.615731,-20.427708],[-54.615358,-20.427469],[-54.615238,-20.427257],[-54.614747,-20.426936],[-54.614636,-20.426763],[-54.619099,-20.423822],[-54.619985,-20.424993],[-54.615862,-20.4279]]]}},{"type":"Feature","properties":{"nome":"Vila São Benedito","osm_id":"relation/5726305","area_km2":0.099},"geometry":{"type":"Polygon","coordinates":[[[-54.619099,-20.423822],[-54.614636,-20.426763],[-54.614302,-20.426154],[-54.614114,-20.425443],[-54.614493,-20.425341],[-54.614734,-20.425187],[-54.616423,-20.423307],[-54.618035,-20.422353],[-54.619099,-20.423822]]]}},{"type":"Feature","properties":{"nome":"Oracília","osm_id":"relation/5726725","area_km2":0.131},"geometry":{"type":"Polygon","coordinates":[[[-54.624364,-20.429874],[-54.624527,-20.430188],[-54.626181,-20.429486],[-54.626818,-20.431418],[-54.622972,-20.433263],[-54.622811,-20.432917],[-54.6221,-20.433112],[-54.621711,-20.431873],[-54.621703,-20.431066],[-54.624364,-20.429874]]]}},{"type":"Feature","properties":{"nome":"Vila Antonieta","osm_id":"relation/5726726","area_km2":0.062},"geometry":{"type":"Polygon","coordinates":[[[-54.624866,-20.425363],[-54.62561,-20.427723],[-54.624305,-20.428452],[-54.624398,-20.428738],[-54.624024,-20.428834],[-54.623964,-20.428648],[-54.624058,-20.428594],[-54.62307,-20.427005],[-54.622632,-20.426441],[-54.624866,-20.425363]]]}},{"type":"Feature","properties":{"nome":"Vila Leda","osm_id":"relation/5726728","area_km2":0.099},"geometry":{"type":"Polygon","coordinates":[[[-54.624364,-20.429874],[-54.621703,-20.431066],[-54.621469,-20.428652],[-54.621513,-20.426998],[-54.622632,-20.426441],[-54.62307,-20.427005],[-54.624058,-20.428594],[-54.623618,-20.428848],[-54.623596,-20.428951],[-54.624426,-20.429849],[-54.624364,-20.429874]]]}},{"type":"Feature","properties":{"nome":"Vila Saraiva","osm_id":"relation/5726729","area_km2":0.06},"geometry":{"type":"Polygon","coordinates":[[[-54.619305,-20.426581],[-54.61999,-20.427378],[-54.619615,-20.427298],[-54.616443,-20.428862],[-54.61588,-20.428017],[-54.615862,-20.4279],[-54.618809,-20.425834],[-54.61941,-20.426601],[-54.619305,-20.426581]]]}},{"type":"Feature","properties":{"nome":"Vila São Roque","osm_id":"relation/5726730","area_km2":0.068},"geometry":{"type":"Polygon","coordinates":[[[-54.617269,-20.429098],[-54.616783,-20.429317],[-54.616443,-20.428862],[-54.619615,-20.427298],[-54.61999,-20.427378],[-54.619305,-20.426581],[-54.61941,-20.426601],[-54.618809,-20.425834],[-54.619985,-20.424993],[-54.621513,-20.426998],[-54.618353,-20.428624],[-54.617269,-20.429098]]]}},{"type":"Feature","properties":{"nome":"Octávio Pécora","osm_id":"relation/5893169","area_km2":0.287},"geometry":{"type":"Polygon","coordinates":[[[-54.613041,-20.423822],[-54.609322,-20.424144],[-54.608719,-20.423455],[-54.605539,-20.420428],[-54.605063,-20.420101],[-54.608325,-20.41751],[-54.608518,-20.417819],[-54.609168,-20.418303],[-54.609576,-20.418968],[-54.609887,-20.419235],[-54.610155,-20.420032],[-54.6107,-20.420778],[-54.611404,-20.421419],[-54.61204,-20.421685],[-54.612033,-20.422212],[-54.612272,-20.422697],[-54.612289,-20.422969],[-54.612519,-20.423369],[-54.612862,-20.423576],[-54.613041,-20.423822]]]}},{"type":"Feature","properties":{"nome":"Bom Retiro","osm_id":"relation/6190482","area_km2":0.227},"geometry":{"type":"Polygon","coordinates":[[[-54.639353,-20.403788],[-54.640913,-20.40458],[-54.640786,-20.406591],[-54.641905,-20.406652],[-54.64185,-20.408093],[-54.63644,-20.407804],[-54.637072,-20.402559],[-54.637803,-20.403015],[-54.639353,-20.403788]]]}},{"type":"Feature","properties":{"nome":"Coophasul","osm_id":"relation/6190483","area_km2":0.295},"geometry":{"type":"Polygon","coordinates":[[[-54.633419,-20.418868],[-54.63707,-20.418065],[-54.63868,-20.423755],[-54.63406,-20.424781],[-54.633874,-20.423691],[-54.634121,-20.423614],[-54.633252,-20.420811],[-54.633541,-20.420732],[-54.633488,-20.419479],[-54.633543,-20.419464],[-54.633419,-20.418868]]]}},{"type":"Feature","properties":{"nome":"Dona Dede","osm_id":"relation/6190484","area_km2":0.078},"geometry":{"type":"Polygon","coordinates":[[[-54.641905,-20.406652],[-54.645205,-20.406761],[-54.647042,-20.407694],[-54.647379,-20.408259],[-54.64185,-20.408093],[-54.641905,-20.406652]]]}},{"type":"Feature","properties":{"nome":"Esperança","osm_id":"relation/6190485","area_km2":0.161},"geometry":{"type":"Polygon","coordinates":[[[-54.630893,-20.404038],[-54.636748,-20.405252],[-54.636487,-20.407422],[-54.630136,-20.406105],[-54.630262,-20.404957],[-54.630893,-20.404038]]]}},{"type":"Feature","properties":{"nome":"Morada dos Deuses","osm_id":"relation/6190486","area_km2":0.157},"geometry":{"type":"Polygon","coordinates":[[[-54.62488,-20.406814],[-54.630118,-20.406292],[-54.629889,-20.409061],[-54.625186,-20.409546],[-54.62488,-20.406814]]]}},{"type":"Feature","properties":{"nome":"Recando do Cerrado","osm_id":"relation/6190487","area_km2":0.098},"geometry":{"type":"Polygon","coordinates":[[[-54.630118,-20.406292],[-54.62488,-20.406814],[-54.624999,-20.405191],[-54.629426,-20.404741],[-54.630262,-20.404957],[-54.630118,-20.406292]]]}},{"type":"Feature","properties":{"nome":"Santa Luzia","osm_id":"relation/6190488","area_km2":1.015},"geometry":{"type":"Polygon","coordinates":[[[-54.637056,-20.418018],[-54.63572,-20.413152],[-54.63644,-20.407804],[-54.64185,-20.408093],[-54.647379,-20.408259],[-54.648241,-20.409719],[-54.648458,-20.410218],[-54.648336,-20.412425],[-54.648413,-20.412474],[-54.646069,-20.415878],[-54.646022,-20.416072],[-54.645898,-20.416153],[-54.645692,-20.416049],[-54.637056,-20.418018]],[[-54.63964,-20.411255],[-54.645217,-20.414776],[-54.646503,-20.412987],[-54.640927,-20.409466],[-54.63964,-20.411255]]]}},{"type":"Feature","properties":{"nome":"Vila Cox","osm_id":"relation/6190489","area_km2":0.168},"geometry":{"type":"Polygon","coordinates":[[[-54.645217,-20.414776],[-54.63964,-20.411255],[-54.640927,-20.409466],[-54.646503,-20.412987],[-54.645217,-20.414776]]]}},{"type":"Feature","properties":{"nome":"Vila Marli","osm_id":"relation/6190490","area_km2":0.372},"geometry":{"type":"Polygon","coordinates":[[[-54.62746,-20.41249],[-54.629459,-20.412196],[-54.629162,-20.413045],[-54.628962,-20.413925],[-54.628579,-20.418284],[-54.623094,-20.419821],[-54.622265,-20.417205],[-54.626431,-20.412914],[-54.62746,-20.41249]]]}},{"type":"Feature","properties":{"nome":"Vila Nasser","osm_id":"relation/6190491","area_km2":0.928},"geometry":{"type":"Polygon","coordinates":[[[-54.62917,-20.413018],[-54.631058,-20.412538],[-54.630397,-20.410452],[-54.631688,-20.410727],[-54.632051,-20.409195],[-54.636157,-20.41005],[-54.63572,-20.413152],[-54.63707,-20.418065],[-54.633419,-20.418868],[-54.633543,-20.419464],[-54.633488,-20.419479],[-54.633541,-20.420732],[-54.633252,-20.420811],[-54.633782,-20.422605],[-54.628108,-20.422645],[-54.628709,-20.417],[-54.628909,-20.414404],[-54.62917,-20.413018]]]}},{"type":"Feature","properties":{"nome":"Vila Neusa","osm_id":"relation/6190492","area_km2":0.093},"geometry":{"type":"Polygon","coordinates":[[[-54.625186,-20.409546],[-54.629889,-20.409061],[-54.630169,-20.410154],[-54.63011,-20.410387],[-54.627723,-20.410746],[-54.627323,-20.411649],[-54.626315,-20.41177],[-54.626246,-20.411088],[-54.625522,-20.411171],[-54.625186,-20.409546]]]}},{"type":"Feature","properties":{"nome":"Vila Nossa Senhora Aparecida","osm_id":"relation/6190493","area_km2":0.221},"geometry":{"type":"Polygon","coordinates":[[[-54.62792,-20.424538],[-54.628108,-20.422645],[-54.633782,-20.422605],[-54.634121,-20.423614],[-54.633874,-20.423691],[-54.63415,-20.42572],[-54.633468,-20.42606],[-54.633461,-20.426262],[-54.632203,-20.426294],[-54.632211,-20.427127],[-54.631512,-20.427273],[-54.631005,-20.426376],[-54.630868,-20.4263],[-54.630863,-20.425595],[-54.629562,-20.425596],[-54.629204,-20.424312],[-54.62792,-20.424538]]]}},{"type":"Feature","properties":{"nome":"Vila Novo Horizonte","osm_id":"relation/6190494","area_km2":0.301},"geometry":{"type":"Polygon","coordinates":[[[-54.628108,-20.422645],[-54.627905,-20.424701],[-54.624866,-20.425363],[-54.623094,-20.419821],[-54.628579,-20.418284],[-54.628108,-20.422645]]]}},{"type":"Feature","properties":{"nome":"Água Limpa Park","osm_id":"relation/6190495","area_km2":0.336},"geometry":{"type":"Polygon","coordinates":[[[-54.625217,-20.409724],[-54.625522,-20.411171],[-54.626246,-20.411088],[-54.626315,-20.41177],[-54.627732,-20.4116],[-54.62746,-20.41249],[-54.626431,-20.412914],[-54.622265,-20.417205],[-54.62008,-20.410346],[-54.624121,-20.409914],[-54.625217,-20.409724]]]}},{"type":"Feature","properties":{"nome":"José Abrão","osm_id":"relation/6190799","area_km2":0.312},"geometry":{"type":"Polygon","coordinates":[[[-54.66701,-20.419097],[-54.66722,-20.419284],[-54.661562,-20.420186],[-54.661664,-20.419948],[-54.657333,-20.417459],[-54.662632,-20.414779],[-54.66701,-20.419097]]]}},{"type":"Feature","properties":{"nome":"Beirute","osm_id":"relation/6196848","area_km2":0.142},"geometry":{"type":"Polygon","coordinates":[[[-54.549775,-20.459719],[-54.550979,-20.455794],[-54.553859,-20.457269],[-54.551921,-20.461247],[-54.549775,-20.459719]]]}},{"type":"Feature","properties":{"nome":"Cidade Jardim","osm_id":"relation/6196849","area_km2":0.554},"geometry":{"type":"Polygon","coordinates":[[[-54.563462,-20.459233],[-54.563369,-20.459241],[-54.563594,-20.457869],[-54.568429,-20.458707],[-54.568865,-20.458816],[-54.5688,-20.459141],[-54.569752,-20.459242],[-54.569482,-20.460368],[-54.571775,-20.460797],[-54.570577,-20.465796],[-54.563138,-20.463993],[-54.563646,-20.459256],[-54.563462,-20.459233]]]}},{"type":"Feature","properties":{"nome":"Desbarrancado","osm_id":"relation/6196850","area_km2":0.549},"geometry":{"type":"Polygon","coordinates":[[[-54.563138,-20.463993],[-54.560179,-20.463265],[-54.559524,-20.463201],[-54.558381,-20.463264],[-54.555706,-20.463842],[-54.551921,-20.461247],[-54.553859,-20.457269],[-54.554893,-20.457866],[-54.555495,-20.457874],[-54.557168,-20.458665],[-54.562011,-20.460192],[-54.562447,-20.46022],[-54.562832,-20.460093],[-54.563215,-20.45973],[-54.563369,-20.459241],[-54.563646,-20.459256],[-54.563138,-20.463993]]]}},{"type":"Feature","properties":{"nome":"Parque dos Poderes","osm_id":"relation/6196851","area_km2":2.86},"geometry":{"type":"Polygon","coordinates":[[[-54.557168,-20.458665],[-54.555495,-20.457874],[-54.554893,-20.457866],[-54.550979,-20.455794],[-54.553938,-20.445426],[-54.551231,-20.439301],[-54.551102,-20.439282],[-54.550691,-20.438336],[-54.551659,-20.437872],[-54.562199,-20.437284],[-54.563049,-20.441268],[-54.563024,-20.441468],[-54.563102,-20.441518],[-54.563429,-20.442933],[-54.563546,-20.443894],[-54.563608,-20.443913],[-54.564106,-20.445512],[-54.564107,-20.446762],[-54.564332,-20.447193],[-54.564964,-20.450126],[-54.565124,-20.450229],[-54.5657,-20.450176],[-54.565649,-20.451255],[-54.564705,-20.4552],[-54.563715,-20.455036],[-54.563374,-20.459211],[-54.56328,-20.459607],[-54.563041,-20.459944],[-54.562577,-20.460195],[-54.562011,-20.460192],[-54.557168,-20.458665]]]}},{"type":"Feature","properties":{"nome":"Vila Abdalla","osm_id":"relation/6196852","area_km2":0.041},"geometry":{"type":"Polygon","coordinates":[[[-54.54889,-20.446807],[-54.549126,-20.445604],[-54.552136,-20.446211],[-54.551921,-20.447068],[-54.551641,-20.44715],[-54.55114,-20.447236],[-54.54889,-20.446807]]]}},{"type":"Feature","properties":{"nome":"Jardim Botafogo","osm_id":"relation/6214044","area_km2":0.145},"geometry":{"type":"Polygon","coordinates":[[[-54.624189,-20.524083],[-54.622894,-20.526661],[-54.619674,-20.524789],[-54.621902,-20.521835],[-54.624539,-20.523316],[-54.624189,-20.524083]]]}},{"type":"Feature","properties":{"nome":"Jardim das Mansões Universitárias","osm_id":"relation/6214132","area_km2":0.311},"geometry":{"type":"Polygon","coordinates":[[[-54.622236,-20.518281],[-54.623834,-20.519169],[-54.62104,-20.523039],[-54.62098,-20.523006],[-54.620383,-20.52381],[-54.61575,-20.521219],[-54.620319,-20.517216],[-54.622236,-20.518281]]]}},{"type":"Feature","properties":{"nome":"Jardim Rubiacea","osm_id":"relation/6214165","area_km2":0.032},"geometry":{"type":"Polygon","coordinates":[[[-54.618656,-20.523196],[-54.618754,-20.523193],[-54.618906,-20.522986],[-54.620383,-20.52381],[-54.61933,-20.52525],[-54.619202,-20.524963],[-54.61795,-20.524216],[-54.618656,-20.523196]]]}},{"type":"Feature","properties":{"nome":"Jardim Anápolis I","osm_id":"relation/6214189","area_km2":0.085},"geometry":{"type":"Polygon","coordinates":[[[-54.61654,-20.526761],[-54.615318,-20.525884],[-54.615593,-20.525541],[-54.615451,-20.525454],[-54.616009,-20.524705],[-54.616328,-20.524906],[-54.617089,-20.523724],[-54.619202,-20.524963],[-54.61933,-20.52525],[-54.618055,-20.526985],[-54.617089,-20.526425],[-54.616757,-20.526525],[-54.61654,-20.526761]]]}},{"type":"Feature","properties":{"nome":"Jardim Botânico","osm_id":"relation/6214405","area_km2":0.16},"geometry":{"type":"Polygon","coordinates":[[[-54.61575,-20.521219],[-54.618906,-20.522986],[-54.618754,-20.523193],[-54.618656,-20.523196],[-54.61795,-20.524216],[-54.617089,-20.523724],[-54.616328,-20.524906],[-54.616009,-20.524705],[-54.615451,-20.525454],[-54.615593,-20.525541],[-54.615318,-20.525884],[-54.614559,-20.525412],[-54.612776,-20.524029],[-54.612699,-20.523897],[-54.61575,-20.521219]]]}},{"type":"Feature","properties":{"nome":"Jardim Jane","osm_id":"relation/6242652","area_km2":0.035},"geometry":{"type":"Polygon","coordinates":[[[-54.622747,-20.520723],[-54.623148,-20.520132],[-54.625389,-20.521413],[-54.624929,-20.522432],[-54.622474,-20.521047],[-54.622747,-20.520723]]]}},{"type":"Feature","properties":{"nome":"Santa Branca II","osm_id":"relation/6242742","area_km2":0.154},"geometry":{"type":"Polygon","coordinates":[[[-54.615898,-20.514605],[-54.615999,-20.514848],[-54.620319,-20.517216],[-54.619403,-20.518026],[-54.60999,-20.512732],[-54.610318,-20.511659],[-54.611636,-20.512405],[-54.612242,-20.512303],[-54.612611,-20.512762],[-54.615898,-20.514605]]]}},{"type":"Feature","properties":{"nome":"São Luís I","osm_id":"relation/6242968","area_km2":0.355},"geometry":{"type":"Polygon","coordinates":[[[-54.629062,-20.52203],[-54.632541,-20.523962],[-54.634837,-20.525089],[-54.632404,-20.529283],[-54.626965,-20.526446],[-54.629062,-20.52203]]]}},{"type":"Feature","properties":{"nome":"Jardim Agulhas Negras","osm_id":"relation/6612408","area_km2":0.036},"geometry":{"type":"Polygon","coordinates":[[[-54.602256,-20.515375],[-54.603133,-20.515865],[-54.603682,-20.514997],[-54.604743,-20.515589],[-54.603683,-20.517252],[-54.603329,-20.516973],[-54.602768,-20.516795],[-54.602391,-20.51641],[-54.602021,-20.516235],[-54.602256,-20.515375]]]}},{"type":"Feature","properties":{"nome":"Universitário Seção C","osm_id":"relation/6637841","area_km2":0.17},"geometry":{"type":"Polygon","coordinates":[[[-54.603166,-20.512081],[-54.603384,-20.511174],[-54.606554,-20.512856],[-54.60521,-20.515001],[-54.606334,-20.515631],[-54.604847,-20.518028],[-54.603683,-20.517252],[-54.604743,-20.515589],[-54.603682,-20.514997],[-54.603133,-20.515865],[-54.602256,-20.515375],[-54.602496,-20.514864],[-54.602837,-20.513752],[-54.603166,-20.512081]]]}},{"type":"Feature","properties":{"nome":"Residencial Joana d'Arc","osm_id":"relation/6819277","area_km2":0.051},"geometry":{"type":"Polygon","coordinates":[[[-54.625389,-20.521413],[-54.625848,-20.520355],[-54.62673,-20.520734],[-54.629062,-20.52203],[-54.628512,-20.523136],[-54.625389,-20.521413]]]}},{"type":"Feature","properties":{"nome":"Jardim Moema","osm_id":"relation/8311347","area_km2":0.095},"geometry":{"type":"Polygon","coordinates":[[[-54.580899,-20.527058],[-54.579714,-20.525779],[-54.583346,-20.522792],[-54.58452,-20.524116],[-54.580899,-20.527058]]]}},{"type":"Feature","properties":{"nome":"Recanto dos Rouxinóis","osm_id":"relation/8311694","area_km2":0.246},"geometry":{"type":"Polygon","coordinates":[[[-54.584284,-20.53059],[-54.584187,-20.530595],[-54.583485,-20.529806],[-54.581611,-20.531352],[-54.581437,-20.531168],[-54.581489,-20.53113],[-54.579092,-20.528549],[-54.58452,-20.524116],[-54.584759,-20.524397],[-54.584284,-20.53059]]]}},{"type":"Feature","properties":{"nome":"Vila São Rafael","osm_id":"relation/12718335","area_km2":0.013},"geometry":{"type":"Polygon","coordinates":[[[-54.622159,-20.478847],[-54.621501,-20.478107],[-54.622333,-20.477467],[-54.623088,-20.478322],[-54.622159,-20.478847]]]}},{"type":"Feature","properties":{"nome":"Barrio Arenhartd","osm_id":"relation/18753093","area_km2":0.156},"geometry":{"type":"Polygon","coordinates":[[[-54.970476,-27.2087],[-54.969618,-27.208186],[-54.970408,-27.207143],[-54.969276,-27.206467],[-54.969903,-27.205701],[-54.971859,-27.206728],[-54.971181,-27.207634],[-54.975361,-27.210254],[-54.975351,-27.210354],[-54.974158,-27.211828],[-54.971256,-27.209934],[-54.970719,-27.210584],[-54.969593,-27.209901],[-54.970476,-27.2087]]]}},{"type":"Feature","properties":{"nome":"Barrio 75 Viviendas","osm_id":"relation/18756428","area_km2":0.099},"geometry":{"type":"Polygon","coordinates":[[[-54.980565,-27.199536],[-54.979676,-27.199003],[-54.98005,-27.197763],[-54.980889,-27.196895],[-54.98111,-27.197157],[-54.984151,-27.198977],[-54.982699,-27.200848],[-54.980565,-27.199536]]]}},{"type":"Feature","properties":{"nome":"Barrio 30 Viviendas","osm_id":"relation/18756634","area_km2":0.033},"geometry":{"type":"Polygon","coordinates":[[[-54.977934,-27.200852],[-54.97952,-27.19898],[-54.979676,-27.199003],[-54.980565,-27.199536],[-54.978983,-27.201503],[-54.977934,-27.200852]]]}},{"type":"Feature","properties":{"nome":"Barrio 89 Viviendas","osm_id":"relation/18756635","area_km2":0.07},"geometry":{"type":"Polygon","coordinates":[[[-54.98251,-27.200738],[-54.982699,-27.200848],[-54.981107,-27.202867],[-54.978983,-27.201503],[-54.980565,-27.199536],[-54.98251,-27.200738]]]}},{"type":"Feature","properties":{"nome":"Barrio Misionerita","osm_id":"relation/18756637","area_km2":0.013},"geometry":{"type":"Polygon","coordinates":[[[-54.975183,-27.206289],[-54.975801,-27.206231],[-54.975858,-27.208237],[-54.975303,-27.208214],[-54.975265,-27.208133],[-54.975183,-27.206289]]]}},{"type":"Feature","properties":{"nome":"Barrio 26 Viviendas","osm_id":"relation/18756638","area_km2":0.08},"geometry":{"type":"Polygon","coordinates":[[[-54.974733,-27.198715],[-54.975655,-27.196953],[-54.976273,-27.196853],[-54.978576,-27.198221],[-54.976991,-27.200295],[-54.974733,-27.198715]]]}},{"type":"Feature","properties":{"nome":"Barrio Aeroclub Sur","osm_id":"relation/18756639","area_km2":0.048},"geometry":{"type":"Polygon","coordinates":[[[-54.977406,-27.194966],[-54.977562,-27.195075],[-54.977803,-27.195088],[-54.979965,-27.196428],[-54.97891,-27.197789],[-54.976939,-27.196449],[-54.977136,-27.195994],[-54.977406,-27.194966]]]}},{"type":"Feature","properties":{"nome":"Barrio Progreso","osm_id":"relation/18756656","area_km2":0.007},"geometry":{"type":"Polygon","coordinates":[[[-54.982904,-27.19264],[-54.983619,-27.191677],[-54.984074,-27.191967],[-54.983331,-27.192916],[-54.982904,-27.19264]]]}},{"type":"Feature","properties":{"nome":"Olerías","osm_id":"relation/18756658","area_km2":0.064},"geometry":{"type":"Polygon","coordinates":[[[-54.980473,-27.19144],[-54.979305,-27.19224],[-54.978819,-27.193044],[-54.977129,-27.19197],[-54.978466,-27.190194],[-54.980537,-27.190502],[-54.981015,-27.191128],[-54.980473,-27.19144]]]}},{"type":"Feature","properties":{"nome":"Acaraguá","osm_id":"relation/18756659","area_km2":0.202},"geometry":{"type":"Polygon","coordinates":[[[-54.973847,-27.204108],[-54.972996,-27.205112],[-54.970589,-27.203043],[-54.974733,-27.198715],[-54.976991,-27.200295],[-54.974602,-27.203394],[-54.973931,-27.204143],[-54.973847,-27.204108]]]}},{"type":"Feature","properties":{"nome":"Barrio Ex Ruta 14","osm_id":"relation/18756660","area_km2":0.074},"geometry":{"type":"Polygon","coordinates":[[[-54.969438,-27.197792],[-54.97104,-27.198508],[-54.97129,-27.199281],[-54.971646,-27.200874],[-54.972251,-27.20136],[-54.971378,-27.202274],[-54.970053,-27.199135],[-54.966558,-27.197162],[-54.966992,-27.196699],[-54.969438,-27.197792]]]}},{"type":"Feature","properties":{"nome":"Barrio Terrazas","osm_id":"relation/18756661","area_km2":0.214},"geometry":{"type":"Polygon","coordinates":[[[-54.971247,-27.199145],[-54.97104,-27.198508],[-54.969438,-27.197792],[-54.970176,-27.196206],[-54.972681,-27.19305],[-54.973627,-27.192109],[-54.975631,-27.193755],[-54.974949,-27.19503],[-54.97218,-27.198422],[-54.971247,-27.199145]]]}},{"type":"Feature","properties":{"nome":"Barrio Terminal","osm_id":"relation/18756705","area_km2":0.179},"geometry":{"type":"Polygon","coordinates":[[[-54.98541,-27.207086],[-54.984523,-27.208274],[-54.979598,-27.205178],[-54.981298,-27.202983],[-54.983259,-27.20426],[-54.984953,-27.205174],[-54.986352,-27.205826],[-54.98541,-27.207086]]]}},{"type":"Feature","properties":{"nome":"Barrio Segovia","osm_id":"relation/18756706","area_km2":0.095},"geometry":{"type":"Polygon","coordinates":[[[-54.991739,-27.209315],[-54.992058,-27.209472],[-54.989862,-27.211867],[-54.989549,-27.211605],[-54.987718,-27.210488],[-54.98877,-27.208958],[-54.989668,-27.207968],[-54.991739,-27.209315]]]}},{"type":"Feature","properties":{"nome":"Barrio Centro","osm_id":"relation/18756707","area_km2":0.415},"geometry":{"type":"Polygon","coordinates":[[[-54.980446,-27.213419],[-54.975864,-27.210541],[-54.975984,-27.209827],[-54.979598,-27.205178],[-54.984523,-27.208274],[-54.980446,-27.213419]]]}},{"type":"Feature","properties":{"nome":"Tristán","osm_id":"relation/18757005","area_km2":0.049},"geometry":{"type":"Polygon","coordinates":[[[-54.974947,-27.216347],[-54.975177,-27.215701],[-54.976754,-27.216641],[-54.975029,-27.218795],[-54.973665,-27.217943],[-54.974563,-27.216913],[-54.974947,-27.216347]]]}},{"type":"Feature","properties":{"nome":"Barrio Mendoza","osm_id":"relation/18757006","area_km2":0.041},"geometry":{"type":"Polygon","coordinates":[[[-54.978252,-27.216265],[-54.979261,-27.216777],[-54.980765,-27.217776],[-54.979994,-27.218597],[-54.977141,-27.216872],[-54.977854,-27.216025],[-54.978252,-27.216265]]]}},{"type":"Feature","properties":{"nome":"Barrio Batista","osm_id":"relation/18757007","area_km2":0.099},"geometry":{"type":"Polygon","coordinates":[[[-54.975296,-27.218522],[-54.976754,-27.216641],[-54.979994,-27.218597],[-54.978381,-27.220506],[-54.975296,-27.218522]]]}},{"type":"Feature","properties":{"nome":"Barrio Bermúdez","osm_id":"relation/18757008","area_km2":0.154},"geometry":{"type":"Polygon","coordinates":[[[-54.979932,-27.21723],[-54.979261,-27.216777],[-54.978252,-27.216265],[-54.980446,-27.213419],[-54.983817,-27.215473],[-54.981678,-27.218295],[-54.979932,-27.21723]]]}},{"type":"Feature","properties":{"nome":"Barrio San Antonio","osm_id":"relation/18757010","area_km2":0.177},"geometry":{"type":"Polygon","coordinates":[[[-54.987718,-27.210488],[-54.985422,-27.213524],[-54.981972,-27.211477],[-54.984523,-27.208274],[-54.98787,-27.210278],[-54.987718,-27.210488]]]}},{"type":"Feature","properties":{"nome":"Barrio Cainguás","osm_id":"relation/18757015","area_km2":0.192},"geometry":{"type":"Polygon","coordinates":[[[-54.975855,-27.21378],[-54.97607,-27.213158],[-54.976111,-27.21262],[-54.975919,-27.212651],[-54.975864,-27.210541],[-54.980446,-27.213419],[-54.978252,-27.216265],[-54.977854,-27.216025],[-54.977141,-27.216872],[-54.975177,-27.215701],[-54.975855,-27.21378]]]}},{"type":"Feature","properties":{"nome":"Barrio Bicci","osm_id":"relation/18757016","area_km2":0.267},"geometry":{"type":"Polygon","coordinates":[[[-54.971772,-27.219243],[-54.971485,-27.219265],[-54.971322,-27.219128],[-54.971122,-27.2186],[-54.970389,-27.217391],[-54.970074,-27.217034],[-54.971011,-27.215945],[-54.97248,-27.214022],[-54.969999,-27.212421],[-54.97044,-27.211907],[-54.97158,-27.212068],[-54.972389,-27.212558],[-54.973358,-27.211344],[-54.974158,-27.211828],[-54.975351,-27.210354],[-54.975345,-27.211706],[-54.975498,-27.21286],[-54.974366,-27.216409],[-54.971772,-27.219243]]]}}]}